Order_ID,Distance_km,Weather,Traffic_Level,Time_of_Day,Vehicle_Type,Preparation_Time_min,Courier_Experience_yrs,Delivery_Time_min,Traffic_Num,Distance_Traffic_Interaction,Distance_Preparation_Interaction,Experience_Distance_Interaction,Distance_per_Preparation,Experience_per_Distance,Estimated_Delivery_Time,Total_Estimated_Time,Time_of_Day_Num,Is_Rush_Hour,Is_Adverse_Weather
522,7.93,Windy,Low,Afternoon,Scooter,12,1.0,43,1.0,7.93,95.16,7.93,0.61,0.11198208286674133,23.79,35.79,2.0,0,1
738,16.42,Clear,Medium,Evening,Bike,20,2.0,84,2.0,32.84,328.40000000000003,32.84,0.781904761904762,0.11481056257175659,49.260000000000005,69.26,3.0,1,0
741,9.52,Foggy,Low,Night,Scooter,28,1.0,59,1.0,9.52,266.56,9.52,0.32827586206896553,0.09505703422053233,28.56,56.56,4.0,0,1
661,7.44,Rainy,Medium,Afternoon,Scooter,5,1.0,37,2.0,14.88,37.2,7.44,1.24,0.11848341232227487,22.32,27.32,2.0,0,1
412,19.03,Clear,Low,Morning,Bike,16,5.0,68,1.0,19.03,304.48,95.15,1.1194117647058823,0.2496255616575137,57.09,73.09,1.0,0,0
679,19.4,Clear,Low,Evening,Scooter,8,9.0,57,1.0,19.4,155.2,174.6,2.1555555555555554,0.44117647058823534,58.199999999999996,66.19999999999999,3.0,1,0
627,9.52,Clear,Low,,Bike,12,1.0,49,1.0,9.52,114.24,9.52,0.7323076923076923,0.09505703422053233,28.56,40.56,,0,0
514,17.39,Clear,Medium,Evening,Scooter,5,6.0,46,2.0,34.78,86.95,104.34,2.8983333333333334,0.3262642740619902,52.17,57.17,3.0,1,0
860,1.78,Snowy,Low,Evening,Car,20,6.0,35,1.0,1.78,35.6,10.68,0.08476190476190476,2.158273381294964,5.34,25.34,3.0,1,1
137,10.62,Foggy,Low,Evening,Scooter,29,1.0,73,1.0,10.62,307.97999999999996,10.62,0.354,0.08605851979345956,31.859999999999996,60.86,3.0,1,1
812,16.86,Snowy,Medium,Afternoon,Car,13,4.0,88,2.0,33.72,219.18,67.44,1.2042857142857142,0.22396416573348266,50.58,63.58,2.0,0,1
77,15.54,Clear,Low,Night,Bike,29,1.0,76,1.0,15.54,450.65999999999997,15.54,0.518,0.060459492140266025,46.62,75.62,4.0,0,0
637,10.89,Clear,High,Night,Bike,12,5.0,53,3.0,32.67,130.68,54.45,0.8376923076923077,0.42052144659377627,32.67,44.67,4.0,0,0
974,4.69,Rainy,Medium,Evening,Scooter,12,7.0,36,2.0,9.38,56.28,32.830000000000005,0.3607692307692308,1.2302284710017575,14.07,26.07,3.0,1,1
939,2.8,Clear,High,Morning,Scooter,10,,33,3.0,8.399999999999999,28.0,,0.2545454545454545,,8.399999999999999,18.4,1.0,0,0
900,2.17,Snowy,Low,Evening,Car,15,3.0,35,1.0,2.17,32.55,6.51,0.135625,0.9463722397476341,6.51,21.509999999999998,3.0,1,1
281,17.86,Rainy,Low,Afternoon,Bike,5,1.0,50,1.0,17.86,89.3,17.86,2.9766666666666666,0.053022269353128315,53.58,58.58,2.0,0,1
884,2.53,Snowy,Low,Morning,Bike,6,8.0,24,1.0,2.53,15.18,20.24,0.3614285714285714,2.26628895184136,7.59,13.59,1.0,0,1
762,6.58,Foggy,Low,Evening,Car,6,7.0,27,1.0,6.58,39.480000000000004,46.06,0.9400000000000001,0.9234828496042217,19.740000000000002,25.740000000000002,3.0,1,1
320,5.38,Clear,Medium,Evening,Scooter,26,1.0,47,2.0,10.76,139.88,5.38,0.19925925925925925,0.15673981191222572,16.14,42.14,3.0,1,0
550,15.56,Rainy,Low,Afternoon,Scooter,28,0.0,72,1.0,15.56,435.68,0.0,0.5365517241379311,0.0,46.68,74.68,2.0,0,1
175,13.08,Rainy,Low,Morning,Car,16,4.0,58,1.0,13.08,209.28,52.32,0.7694117647058824,0.2840909090909091,39.24,55.24,1.0,0,1
372,0.86,Clear,High,Afternoon,Bike,26,5.0,37,3.0,2.58,22.36,4.3,0.03185185185185185,2.688172043010753,2.5799999999999996,28.58,2.0,0,0
528,5.83,Clear,High,Evening,Car,27,9.0,56,3.0,17.490000000000002,157.41,52.47,0.2082142857142857,1.3177159590043923,17.49,44.489999999999995,3.0,1,0
211,11.2,Clear,Medium,Morning,Bike,23,,73,2.0,22.4,257.59999999999997,,0.4666666666666666,,33.599999999999994,56.599999999999994,1.0,0,0
236,14.59,Clear,Medium,Morning,Bike,15,6.0,64,2.0,29.18,218.85,87.53999999999999,0.911875,0.38486209108402825,43.77,58.77,1.0,0,0
102,12.91,Windy,Medium,Evening,Bike,11,6.0,56,2.0,25.82,142.01,77.46000000000001,1.0758333333333334,0.4313443565780014,38.73,49.73,3.0,1,1
987,13.92,Snowy,Low,Morning,Scooter,18,4.0,70,1.0,13.92,250.56,55.68,0.7326315789473684,0.2680965147453083,41.76,59.76,1.0,0,1
903,4.04,Snowy,Low,Night,Bike,11,9.0,70,1.0,4.04,44.44,36.36,0.33666666666666667,1.7857142857142858,12.120000000000001,23.12,4.0,0,1
948,18.05,Clear,Medium,Evening,Scooter,10,7.0,123,2.0,36.1,180.5,126.35000000000001,1.6409090909090909,0.3674540682414698,54.150000000000006,64.15,3.0,1,0
347,12.88,Clear,Medium,Morning,Scooter,8,5.0,52,2.0,25.76,103.04,64.4,1.4311111111111112,0.36023054755043227,38.64,46.64,1.0,0,0
140,19.45,Rainy,High,Morning,Scooter,20,6.0,108,3.0,58.349999999999994,389.0,116.69999999999999,0.9261904761904761,0.293398533007335,58.349999999999994,78.35,1.0,0,1
622,4.58,Clear,High,Morning,Scooter,22,9.0,45,3.0,13.74,100.76,41.22,0.1991304347826087,1.6129032258064515,13.74,35.74,1.0,0,0
500,19.73,Foggy,Medium,Evening,Bike,27,4.0,111,2.0,39.46,532.71,78.92,0.7046428571428571,0.19295706705258078,59.190000000000005,86.19,3.0,1,1
371,2.47,Windy,Medium,Morning,Bike,27,2.0,44,2.0,4.94,66.69000000000001,4.94,0.08821428571428572,0.5763688760806917,7.410000000000001,34.410000000000004,1.0,0,1
199,17.8,Snowy,Medium,Morning,Bike,16,9.0,73,2.0,35.6,284.8,160.20000000000002,1.0470588235294118,0.4787234042553191,53.4,69.4,1.0,0,1
688,5.96,Clear,Medium,Afternoon,Bike,22,7.0,45,2.0,11.92,131.12,41.72,0.2591304347826087,1.0057471264367817,17.88,39.879999999999995,2.0,0,0
585,12.85,Windy,Medium,Afternoon,Scooter,18,7.0,61,2.0,25.7,231.29999999999998,89.95,0.6763157894736842,0.5054151624548736,38.55,56.55,2.0,0,1
902,1.02,Clear,Medium,Afternoon,Bike,25,4.0,34,2.0,2.04,25.5,4.08,0.03923076923076923,1.9801980198019802,3.06,28.06,2.0,0,0
60,6.84,Rainy,Medium,Night,Car,14,8.0,47,2.0,13.68,95.75999999999999,54.72,0.456,1.0204081632653061,20.52,34.519999999999996,4.0,0,1
329,8.68,Rainy,Medium,Morning,Bike,8,5.0,52,2.0,17.36,69.44,43.4,0.9644444444444444,0.5165289256198348,26.04,34.04,1.0,0,1
97,10.69,Clear,Medium,Night,Bike,25,9.0,67,2.0,21.38,267.25,96.21,0.41115384615384615,0.7698887938408897,32.07,57.07,4.0,0,0
313,0.99,,Medium,Evening,Bike,15,,32,2.0,1.98,14.85,,0.061875,,2.97,17.97,3.0,1,0
975,1.11,Clear,Low,Morning,Bike,5,6.0,8,1.0,1.11,5.550000000000001,6.66,0.18500000000000003,2.8436018957345968,3.3300000000000005,8.33,1.0,0,0
300,2.16,Snowy,Low,Evening,Scooter,15,0.0,36,1.0,2.16,32.400000000000006,0.0,0.135,0.0,6.48,21.48,3.0,1,1
278,13.17,Windy,Medium,Afternoon,Bike,16,4.0,67,2.0,26.34,210.72,52.68,0.7747058823529411,0.2822865208186309,39.51,55.51,2.0,0,1
925,8.79,Snowy,Low,Night,Bike,14,6.0,43,1.0,8.79,123.05999999999999,52.739999999999995,0.586,0.6128702757916241,26.369999999999997,40.37,4.0,0,1
602,5.93,Clear,Low,Afternoon,Scooter,19,3.0,36,1.0,5.93,112.66999999999999,17.79,0.2965,0.4329004329004329,17.79,36.79,2.0,0,0
440,2.09,Rainy,Low,Night,Bike,23,2.0,36,1.0,2.09,48.06999999999999,4.18,0.08708333333333333,0.6472491909385114,6.27,29.27,4.0,0,1
838,7.57,Clear,Low,Morning,Bike,21,0.0,56,1.0,7.57,158.97,0.0,0.3440909090909091,0.0,22.71,43.71,1.0,0,0
571,10.52,Rainy,Medium,Afternoon,Scooter,8,4.0,56,2.0,21.04,84.16,42.08,1.1688888888888889,0.3472222222222222,31.560000000000002,39.56,2.0,0,1
880,4.83,Rainy,Low,Morning,Car,25,9.0,47,1.0,4.83,120.75,43.47,0.18576923076923077,1.5437392795883362,14.49,39.49,1.0,0,1
262,19.81,Snowy,Medium,Afternoon,Car,20,5.0,104,2.0,39.62,396.2,99.05,0.9433333333333332,0.2402691013935608,59.42999999999999,79.42999999999999,2.0,0,1
579,10.1,Rainy,Low,Evening,Car,8,4.0,50,1.0,10.1,80.8,40.4,1.1222222222222222,0.3603603603603604,30.3,38.3,3.0,1,1
24,7.64,Windy,Low,Afternoon,Car,10,8.0,31,1.0,7.64,76.39999999999999,61.12,0.6945454545454545,0.9259259259259258,22.92,32.92,2.0,0,1
31,12.35,Clear,Low,Morning,Scooter,10,6.0,35,1.0,12.35,123.5,74.1,1.1227272727272728,0.449438202247191,37.05,47.05,1.0,0,0
618,5.9,Rainy,Low,Evening,Car,26,9.0,44,1.0,5.9,153.4,53.1,0.21851851851851853,1.3043478260869565,17.700000000000003,43.7,3.0,1,1
11,0.9,Clear,Low,Afternoon,Bike,20,8.0,23,1.0,0.9,18.0,7.2,0.04285714285714286,4.2105263157894735,2.6999999999999997,22.7,2.0,0,0
222,11.58,Clear,Medium,Morning,Scooter,16,2.0,61,2.0,23.16,185.28,23.16,0.6811764705882353,0.1589825119236884,34.739999999999995,50.739999999999995,1.0,0,0
821,16.16,Clear,High,Afternoon,Bike,11,1.0,82,3.0,48.480000000000004,177.76,16.16,1.3466666666666667,0.05827505827505827,48.480000000000004,59.480000000000004,2.0,0,0
297,15.51,Clear,Low,Evening,Bike,17,9.0,69,1.0,15.51,263.67,139.59,0.8616666666666667,0.5451241671714113,46.53,63.53,3.0,1,0
55,12.16,Windy,High,Evening,Scooter,11,0.0,69,3.0,36.480000000000004,133.76,0.0,1.0133333333333334,0.0,36.48,47.48,3.0,1,1
543,4.96,Rainy,High,Morning,Bike,21,0.0,60,3.0,14.879999999999999,104.16,0.0,0.22545454545454546,0.0,14.879999999999999,35.879999999999995,1.0,0,1
210,3.64,Windy,High,Evening,Bike,17,6.0,40,3.0,10.92,61.88,21.84,0.20222222222222222,1.2931034482758619,10.92,27.92,3.0,1,1
605,2.85,Clear,Low,Morning,Scooter,26,0.0,38,1.0,2.85,74.10000000000001,0.0,0.10555555555555556,0.0,8.55,34.55,1.0,0,0
693,10.4,Clear,Low,Evening,Bike,16,4.0,52,1.0,10.4,166.4,41.6,0.611764705882353,0.3508771929824561,31.200000000000003,47.2,3.0,1,0
663,12.31,Windy,Low,Morning,Bike,29,4.0,68,1.0,12.31,356.99,49.24,0.4103333333333333,0.3005259203606311,36.93,65.93,1.0,0,1
867,3.53,Clear,Medium,Afternoon,Bike,13,7.0,31,2.0,7.06,45.89,24.709999999999997,0.2521428571428571,1.545253863134658,10.59,23.59,2.0,0,0
71,15.56,Clear,Medium,Evening,Bike,14,3.0,54,2.0,31.12,217.84,46.68,1.0373333333333334,0.18115942028985504,46.68,60.68,3.0,1,0
544,13.6,Clear,Medium,Afternoon,Bike,27,0.0,87,2.0,27.2,367.2,0.0,0.4857142857142857,0.0,40.8,67.8,2.0,0,0
108,15.23,Snowy,High,Morning,Bike,5,0.0,62,3.0,45.69,76.15,0.0,2.5383333333333336,0.0,45.690000000000005,50.690000000000005,1.0,0,1
494,4.17,,Low,Evening,Scooter,5,1.0,22,1.0,4.17,20.85,4.17,0.695,0.19342359767891684,12.51,17.509999999999998,3.0,1,0
591,3.21,Rainy,High,Night,Scooter,16,0.0,42,3.0,9.629999999999999,51.36,0.0,0.1888235294117647,0.0,9.63,25.630000000000003,4.0,0,1
742,6.38,Snowy,Low,Evening,Bike,16,1.0,111,1.0,6.38,102.08,6.38,0.37529411764705883,0.13550135501355015,19.14,35.14,3.0,1,1
293,16.54,Rainy,Low,Afternoon,Scooter,6,7.0,51,1.0,16.54,99.24,115.78,2.3628571428571425,0.3990877993158495,49.62,55.62,2.0,0,1
290,12.02,Clear,Low,Morning,Car,9,7.0,41,1.0,12.02,108.17999999999999,84.14,1.202,0.5376344086021505,36.06,45.06,1.0,0,0
653,11.94,Clear,Low,Evening,Bike,20,3.0,69,1.0,11.94,238.79999999999998,35.82,0.5685714285714285,0.23183925811437403,35.82,55.82,3.0,1,0
40,9.08,Clear,Low,Afternoon,Scooter,14,5.0,49,1.0,9.08,127.12,45.4,0.6053333333333334,0.49603174603174605,27.240000000000002,41.24,2.0,0,0
590,3.46,Snowy,Medium,Morning,Scooter,23,3.0,48,2.0,6.92,79.58,10.379999999999999,0.14416666666666667,0.672645739910314,10.379999999999999,33.379999999999995,1.0,0,1
308,6.8,Foggy,Medium,Morning,Scooter,13,7.0,46,2.0,13.6,88.39999999999999,47.6,0.4857142857142857,0.8974358974358975,20.4,33.4,1.0,0,1
680,17.38,Rainy,Medium,Afternoon,Scooter,11,2.0,92,2.0,34.76,191.17999999999998,34.76,1.4483333333333333,0.1088139281828074,52.14,63.14,2.0,0,1
67,3.25,Clear,Low,Morning,Bike,23,7.0,32,1.0,3.25,74.75,22.75,0.13541666666666666,1.6470588235294117,9.75,32.75,1.0,0,0
276,10.28,Clear,Medium,Evening,Scooter,29,3.0,71,2.0,20.56,298.12,30.839999999999996,0.3426666666666666,0.26595744680851063,30.84,59.84,3.0,1,0
68,16.14,Clear,Low,Night,Car,6,9.0,65,1.0,16.14,96.84,145.26,2.3057142857142856,0.5250875145857643,48.42,54.42,4.0,0,0
319,3.55,Clear,Medium,Evening,Bike,23,0.0,43,2.0,7.1,81.64999999999999,0.0,0.14791666666666667,0.0,10.649999999999999,33.65,3.0,1,0
549,10.65,Clear,,Afternoon,Scooter,23,8.0,58,,,244.95000000000002,85.2,0.44375000000000003,0.6866952789699571,31.95,54.95,2.0,0,0
999,19.03,Clear,Low,Afternoon,Car,26,5.0,68,1.0,19.03,494.78000000000003,95.15,0.7048148148148149,0.2496255616575137,57.09,83.09,2.0,0,0
715,7.3,Clear,Low,Night,Scooter,14,7.0,28,1.0,7.3,102.2,51.1,0.48666666666666664,0.8433734939759036,21.9,35.9,4.0,0,0
754,7.03,Clear,Low,Evening,Scooter,21,1.0,44,1.0,7.03,147.63,7.03,0.3195454545454546,0.12453300124533,21.090000000000003,42.09,3.0,1,0
328,12.43,Snowy,Low,Afternoon,Car,12,0.0,70,1.0,12.43,149.16,0.0,0.9561538461538461,0.0,37.29,49.29,2.0,0,1
383,12.76,Windy,High,Morning,Scooter,27,,74,3.0,38.28,344.52,,0.4557142857142857,,38.28,65.28,1.0,0,1
452,11.39,Rainy,High,Evening,Scooter,14,1.0,72,3.0,34.17,159.46,11.39,0.7593333333333334,0.08071025020177562,34.17,48.17,3.0,1,1
523,19.41,Clear,Low,Morning,Car,7,3.0,48,1.0,19.41,135.87,58.230000000000004,2.42625,0.14698677119059284,58.230000000000004,65.23,1.0,0,0
219,13.17,Rainy,High,Evening,Scooter,17,8.0,69,3.0,39.51,223.89,105.36,0.7316666666666667,0.5645730416372619,39.51,56.51,3.0,1,1
788,8.32,Rainy,Low,Afternoon,Car,12,2.0,49,1.0,8.32,99.84,16.64,0.64,0.2145922746781116,24.96,36.96,2.0,0,1
437,1.92,Clear,Low,,Bike,8,7.0,14,1.0,1.92,15.36,13.44,0.21333333333333332,2.397260273972603,5.76,13.76,,0,0
765,1.15,Clear,Low,Afternoon,Scooter,26,4.0,30,1.0,1.15,29.9,4.6,0.04259259259259259,1.8604651162790697,3.4499999999999997,29.45,2.0,0,0
89,17.8,Windy,High,Afternoon,Car,12,9.0,73,3.0,53.400000000000006,213.60000000000002,160.20000000000002,1.3692307692307693,0.4787234042553191,53.4,65.4,2.0,0,1
64,7.46,Clear,Medium,Evening,Bike,8,5.0,42,2.0,14.92,59.68,37.3,0.8288888888888889,0.5910165484633569,22.38,30.38,3.0,1,0
827,7.25,Clear,Medium,Afternoon,Scooter,18,4.0,45,2.0,14.5,130.5,29.0,0.3815789473684211,0.48484848484848486,21.75,39.75,2.0,0,0
717,16.7,Clear,Medium,Afternoon,Scooter,28,1.0,76,2.0,33.4,467.59999999999997,16.7,0.5758620689655172,0.05649717514124294,50.099999999999994,78.1,2.0,0,0
352,17.2,Rainy,High,Afternoon,Scooter,14,2.0,94,3.0,51.599999999999994,240.79999999999998,34.4,1.1466666666666667,0.10989010989010989,51.6,65.6,2.0,0,1
937,0.86,Clear,Medium,Afternoon,Car,21,7.0,28,2.0,1.72,18.06,6.02,0.03909090909090909,3.763440860215054,2.5799999999999996,23.58,2.0,0,0
257,18.76,Clear,Medium,Evening,Car,15,2.0,80,2.0,37.52,281.40000000000003,37.52,1.1725,0.10121457489878542,56.28,71.28,3.0,1,0
636,9.22,Clear,Medium,Afternoon,Car,18,9.0,57,2.0,18.44,165.96,82.98,0.4852631578947369,0.8806262230919765,27.66,45.66,2.0,0,0
645,2.84,Clear,Low,Evening,Scooter,24,2.0,35,1.0,2.84,68.16,5.68,0.11359999999999999,0.5208333333333334,8.52,32.519999999999996,3.0,1,0
555,17.59,Clear,Low,Morning,Bike,24,6.0,69,1.0,17.59,422.15999999999997,105.53999999999999,0.7036,0.32275416890801506,52.769999999999996,76.77,1.0,0,0
960,14.89,Snowy,High,Morning,Scooter,17,6.0,87,3.0,44.67,253.13,89.34,0.8272222222222223,0.37759597230962866,44.67,61.67,1.0,0,1
169,1.3,Clear,Medium,Evening,Bike,22,4.0,31,2.0,2.6,28.6,5.2,0.05652173913043478,1.7391304347826089,3.9000000000000004,25.9,3.0,1,0
918,18.99,Rainy,High,Afternoon,Bike,10,6.0,70,3.0,56.97,189.89999999999998,113.94,1.7263636363636363,0.3001500750375188,56.96999999999999,66.97,2.0,0,1
529,1.6,Foggy,Low,Night,Scooter,24,,37,1.0,1.6,38.400000000000006,,0.064,,4.8,28.8,4.0,0,1
824,8.26,Snowy,Low,Afternoon,Bike,15,1.0,57,1.0,8.26,123.89999999999999,8.26,0.51625,0.1079913606911447,24.779999999999998,39.78,2.0,0,1
986,10.16,Clear,High,Night,Bike,12,5.0,52,3.0,30.48,121.92,50.8,0.7815384615384615,0.44802867383512546,30.48,42.480000000000004,4.0,0,0
817,12.03,Clear,Medium,,Car,20,5.0,65,2.0,24.06,240.6,60.15,0.5728571428571428,0.3837298541826554,36.089999999999996,56.089999999999996,,0,0
87,14.73,Rainy,Low,Afternoon,Bike,24,6.0,74,1.0,14.73,353.52,88.38,0.5892000000000001,0.3814367450731087,44.190000000000005,68.19,2.0,0,1
433,12.56,Clear,High,Evening,Bike,17,5.0,69,3.0,37.68,213.52,62.800000000000004,0.6977777777777778,0.3687315634218289,37.68,54.68,3.0,1,0
185,5.53,Clear,Medium,Afternoon,Bike,19,1.0,44,2.0,11.06,105.07000000000001,5.53,0.2765,0.15313935681470137,16.59,35.59,2.0,0,0
979,10.18,Foggy,Medium,Morning,Bike,25,3.0,73,2.0,20.36,254.5,30.54,0.3915384615384615,0.26833631484794274,30.54,55.54,1.0,0,1
535,15.5,Clear,Medium,Morning,Scooter,28,9.0,91,2.0,31.0,434.0,139.5,0.5344827586206896,0.5454545454545454,46.5,74.5,1.0,0,0
295,2.98,Foggy,,Night,Bike,11,2.0,27,,,32.78,5.96,0.24833333333333332,0.5025125628140703,8.94,19.939999999999998,4.0,0,1
893,16.69,Foggy,Medium,Evening,Scooter,8,2.0,65,2.0,33.38,133.52,33.38,1.8544444444444446,0.11305822498586772,50.07,58.07,3.0,1,1
426,11.22,Windy,High,Evening,Bike,25,5.0,79,3.0,33.660000000000004,280.5,56.1,0.43153846153846154,0.40916530278232405,33.660000000000004,58.660000000000004,3.0,1,1
714,8.53,Clear,Low,Evening,Scooter,8,2.0,41,1.0,8.53,68.24,17.06,0.9477777777777777,0.20986358866736624,25.59,33.59,3.0,1,0
261,12.49,Clear,Medium,Morning,Bike,25,4.0,77,2.0,24.98,312.25,49.96,0.4803846153846154,0.2965159377316531,37.470000000000006,62.470000000000006,1.0,0,0
238,0.97,Clear,Low,Night,Scooter,24,8.0,26,1.0,0.97,23.28,7.76,0.0388,4.060913705583756,2.91,26.91,4.0,0,0
560,12.6,Windy,Medium,Afternoon,Car,8,6.0,58,2.0,25.2,100.8,75.6,1.4,0.4411764705882353,37.8,45.8,2.0,0,1
584,6.91,Clear,Medium,Evening,Scooter,28,9.0,56,2.0,13.82,193.48000000000002,62.19,0.23827586206896553,1.1378002528445006,20.73,48.730000000000004,3.0,1,0
446,18.97,Clear,Low,Evening,Car,25,4.0,141,1.0,18.97,474.25,75.88,0.7296153846153846,0.20030045067601404,56.91,81.91,3.0,1,0
868,4.05,Clear,Medium,Evening,Bike,20,,44,2.0,8.1,81.0,,0.19285714285714284,,12.149999999999999,32.15,3.0,1,0
801,14.29,Windy,Medium,Morning,Bike,14,7.0,78,2.0,28.58,200.06,100.03,0.9526666666666667,0.4578155657292348,42.87,56.87,1.0,0,1
600,1.3,Foggy,Low,Evening,Bike,19,5.0,29,1.0,1.3,24.7,6.5,0.065,2.173913043478261,3.9000000000000004,22.9,3.0,1,1
850,12.11,Rainy,Low,Morning,Bike,9,5.0,59,1.0,12.11,108.99,60.55,1.2109999999999999,0.38138825324180015,36.33,45.33,1.0,0,1
266,14.94,Clear,Medium,Morning,Bike,11,0.0,62,2.0,29.88,164.34,0.0,1.2449999999999999,0.0,44.82,55.82,1.0,0,0
996,2.29,Rainy,High,Afternoon,Car,8,8.0,80,3.0,6.87,18.32,18.32,0.2544444444444445,2.43161094224924,6.87,14.870000000000001,2.0,0,1
530,17.36,Rainy,High,Afternoon,Bike,24,1.0,105,3.0,52.08,416.64,17.36,0.6944,0.054466230936819175,52.08,76.08,2.0,0,1
56,18.48,Clear,Medium,Night,Bike,8,0.0,82,2.0,36.96,147.84,0.0,2.0533333333333332,0.0,55.440000000000005,63.440000000000005,4.0,0,0
121,16.25,Foggy,High,Morning,Bike,10,5.0,91,3.0,48.75,162.5,81.25,1.4772727272727273,0.2898550724637681,48.75,58.75,1.0,0,1
216,5.13,Clear,Low,Morning,Car,15,4.0,30,1.0,5.13,76.95,20.52,0.320625,0.6525285481239804,15.39,30.39,1.0,0,0
26,15.81,Clear,Low,,Car,25,1.0,92,1.0,15.81,395.25,15.81,0.6080769230769231,0.059488399762046396,47.43,72.43,,0,0
73,0.61,Clear,Low,Afternoon,Scooter,10,0.0,16,1.0,0.61,6.1,0.0,0.05545454545454545,0.0,1.83,11.83,2.0,0,0
45,5.55,Foggy,High,Evening,Bike,18,1.0,116,3.0,16.65,99.89999999999999,5.55,0.2921052631578947,0.15267175572519084,16.65,34.65,3.0,1,1
248,19.35,Clear,High,,Bike,12,7.0,75,3.0,58.050000000000004,232.20000000000002,135.45000000000002,1.4884615384615385,0.34398034398034394,58.050000000000004,70.05000000000001,,0,0
722,4.03,Clear,Medium,Evening,Bike,9,5.0,25,2.0,8.06,36.27,20.150000000000002,0.403,0.9940357852882703,12.09,21.09,3.0,1,0
282,7.09,Snowy,Low,Morning,Scooter,13,8.0,37,1.0,7.09,92.17,56.72,0.5064285714285715,0.9888751545117429,21.27,34.269999999999996,1.0,0,1
894,8.25,Clear,Medium,Afternoon,Bike,7,9.0,28,2.0,16.5,57.75,74.25,1.03125,0.972972972972973,24.75,31.75,2.0,0,0
915,11.26,Clear,Low,Night,Bike,5,6.0,49,1.0,11.26,56.3,67.56,1.8766666666666667,0.4893964110929853,33.779999999999994,38.779999999999994,4.0,0,0
811,19.7,Rainy,Low,Evening,Bike,10,2.0,60,1.0,19.7,197.0,39.4,1.7909090909090908,0.0966183574879227,59.1,69.1,3.0,1,1
245,0.8,Snowy,High,Evening,Bike,14,9.0,36,3.0,2.4000000000000004,11.200000000000001,7.2,0.05333333333333334,5.0,2.4,16.4,3.0,1,1
823,7.0,Rainy,Medium,Evening,Bike,17,9.0,49,2.0,14.0,119.0,63.0,0.3888888888888889,1.125,21.0,38.0,3.0,1,1
322,14.43,Clear,Medium,Morning,Car,14,4.0,113,2.0,28.86,202.01999999999998,57.72,0.962,0.2592352559948153,43.29,57.29,1.0,0,0
644,6.89,Rainy,Medium,Afternoon,Bike,11,6.0,43,2.0,13.78,75.78999999999999,41.339999999999996,0.5741666666666666,0.7604562737642586,20.669999999999998,31.669999999999998,2.0,0,1
159,5.13,Foggy,Medium,Evening,Car,25,1.0,60,2.0,10.26,128.25,5.13,0.1973076923076923,0.1631321370309951,15.39,40.39,3.0,1,1
978,1.5,Clear,Low,Afternoon,Bike,10,1.0,17,1.0,1.5,15.0,1.5,0.13636363636363635,0.4,4.5,14.5,2.0,0,0
430,2.78,,High,Afternoon,Scooter,9,0.0,41,3.0,8.34,25.02,0.0,0.27799999999999997,0.0,8.34,17.34,2.0,0,0
942,11.31,Clear,Medium,Evening,Bike,7,0.0,54,2.0,22.62,79.17,0.0,1.41375,0.0,33.93,40.93,3.0,1,0
463,15.05,Clear,Medium,Evening,Car,12,2.0,66,2.0,30.1,180.60000000000002,30.1,1.1576923076923078,0.12461059190031153,45.150000000000006,57.150000000000006,3.0,1,0
310,5.78,Foggy,Low,Afternoon,Scooter,9,9.0,33,1.0,5.78,52.02,52.02,0.5780000000000001,1.327433628318584,17.340000000000003,26.340000000000003,2.0,0,1
698,11.83,Clear,Low,Evening,Scooter,9,7.0,32,1.0,11.83,106.47,82.81,1.183,0.5455962587685113,35.49,44.49,3.0,1,0
61,8.08,Foggy,Low,Morning,Bike,25,2.0,61,1.0,8.08,202.0,16.16,0.3107692307692308,0.22026431718061673,24.240000000000002,49.24,1.0,0,1
885,16.1,Clear,Low,Evening,Bike,25,0.0,64,1.0,16.1,402.50000000000006,0.0,0.6192307692307693,0.0,48.300000000000004,73.30000000000001,3.0,1,0
596,9.74,Rainy,Medium,Evening,Scooter,7,8.0,37,2.0,19.48,68.18,77.92,1.2175,0.74487895716946,29.22,36.22,3.0,1,1
768,17.6,Clear,Low,Afternoon,Bike,27,3.0,69,1.0,17.6,475.20000000000005,52.800000000000004,0.6285714285714287,0.16129032258064516,52.800000000000004,79.80000000000001,2.0,0,0
650,10.22,Snowy,Medium,Night,Bike,18,1.0,68,2.0,20.44,183.96,10.22,0.5378947368421053,0.08912655971479501,30.66,48.66,4.0,0,1
651,2.19,Clear,Low,Evening,Bike,26,3.0,32,1.0,2.19,56.94,6.57,0.0811111111111111,0.9404388714733543,6.57,32.57,3.0,1,0
866,11.41,Windy,Medium,Afternoon,Scooter,17,4.0,68,2.0,22.82,193.97,45.64,0.633888888888889,0.32232070910556004,34.230000000000004,51.230000000000004,2.0,0,1
669,4.14,Clear,Medium,Morning,Scooter,14,2.0,30,2.0,8.28,57.959999999999994,8.28,0.27599999999999997,0.38910505836575876,12.42,26.42,1.0,0,0
299,12.65,Rainy,Low,Afternoon,Bike,18,8.0,60,1.0,12.65,227.70000000000002,101.2,0.6657894736842106,0.5860805860805861,37.95,55.95,2.0,0,1
690,4.15,,Medium,Morning,Car,17,8.0,46,2.0,8.3,70.55000000000001,33.2,0.23055555555555557,1.5533980582524272,12.450000000000001,29.450000000000003,1.0,0,0
315,16.8,,High,Morning,Car,19,4.0,85,3.0,50.400000000000006,319.2,67.2,0.8400000000000001,0.2247191011235955,50.400000000000006,69.4,1.0,0,0
311,9.06,Clear,Medium,Evening,Bike,23,4.0,47,2.0,18.12,208.38000000000002,36.24,0.3775,0.3976143141153081,27.18,50.18,3.0,1,0
362,13.04,Clear,Medium,Morning,Scooter,20,6.0,65,2.0,26.08,260.79999999999995,78.24,0.6209523809523809,0.4273504273504274,39.12,59.12,1.0,0,0
480,10.7,Clear,Medium,Afternoon,Scooter,8,5.0,44,2.0,21.4,85.6,53.5,1.1888888888888889,0.4273504273504274,32.099999999999994,40.099999999999994,2.0,0,0
111,6.15,Foggy,Low,Evening,Scooter,26,5.0,48,1.0,6.15,159.9,30.75,0.2277777777777778,0.6993006993006993,18.45,44.45,3.0,1,1
990,16.47,Snowy,High,Evening,Scooter,20,9.0,75,3.0,49.41,329.4,148.23,0.7842857142857143,0.5151688609044076,49.41,69.41,3.0,1,1
487,1.39,Clear,Medium,Afternoon,Bike,15,4.0,24,2.0,2.78,20.849999999999998,5.56,0.086875,1.6736401673640169,4.17,19.17,2.0,0,0
364,11.14,Rainy,Medium,Morning,Scooter,7,3.0,47,2.0,22.28,77.98,33.42,1.3925,0.2471169686985173,33.42,40.42,1.0,0,1
255,3.81,Rainy,High,Afternoon,Bike,5,6.0,31,3.0,11.43,19.05,22.86,0.635,1.2474012474012472,11.43,16.43,2.0,0,1
260,2.39,Rainy,Medium,Evening,Bike,27,7.0,43,2.0,4.78,64.53,16.73,0.08535714285714287,2.0648967551622417,7.170000000000001,34.17,3.0,1,1
803,11.74,Clear,High,Evening,Car,6,3.0,54,3.0,35.22,70.44,35.22,1.6771428571428573,0.23547880690737832,35.22,41.22,3.0,1,0
678,8.26,Clear,Low,,Car,21,4.0,80,1.0,8.26,173.46,33.04,0.37545454545454543,0.4319654427645788,24.779999999999998,45.78,,0,0
495,9.54,Rainy,Medium,Evening,Scooter,11,5.0,47,2.0,19.08,104.94,47.699999999999996,0.7949999999999999,0.4743833017077799,28.619999999999997,39.62,3.0,1,1
671,3.88,Clear,Medium,Morning,Bike,16,2.0,35,2.0,7.76,62.08,7.76,0.22823529411764706,0.4098360655737705,11.64,27.64,1.0,0,0
378,0.95,Rainy,Medium,Morning,Car,27,0.0,44,2.0,1.9,25.65,0.0,0.033928571428571426,0.0,2.85,29.85,1.0,0,1
527,8.59,Clear,Low,Night,Scooter,17,8.0,36,1.0,8.59,146.03,68.72,0.4772222222222222,0.8342022940563086,25.77,42.769999999999996,4.0,0,0
846,8.59,Clear,Low,Evening,Bike,22,2.0,43,1.0,8.59,188.98,17.18,0.3734782608695652,0.20855057351407716,25.77,47.769999999999996,3.0,1,0
138,14.21,Clear,Medium,Evening,Bike,24,,58,2.0,28.42,341.04,,0.5684,,42.63,66.63,3.0,1,0
356,13.03,Foggy,Low,Morning,Scooter,9,1.0,50,1.0,13.03,117.27,13.03,1.303,0.07127583749109052,39.089999999999996,48.089999999999996,1.0,0,1
366,8.03,Clear,Low,Evening,Scooter,14,8.0,42,1.0,8.03,112.41999999999999,64.24,0.5353333333333333,0.8859357696567,24.089999999999996,38.089999999999996,3.0,1,0
943,13.2,Snowy,Low,Morning,Car,14,3.0,62,1.0,13.2,184.79999999999998,39.599999999999994,0.88,0.21126760563380284,39.599999999999994,53.599999999999994,1.0,0,1
750,12.67,Clear,Medium,Evening,Car,10,3.0,65,2.0,25.34,126.7,38.01,1.1518181818181819,0.2194586686174104,38.01,48.01,3.0,1,0
949,17.54,Clear,,Morning,Car,16,8.0,54,,,280.64,140.32,1.031764705882353,0.43149946062567424,52.62,68.62,1.0,0,0
830,9.32,Clear,Low,Morning,Scooter,6,5.0,30,1.0,9.32,55.92,46.6,1.3314285714285714,0.4844961240310077,27.96,33.96,1.0,0,0
657,6.03,Rainy,High,Afternoon,Car,8,6.0,46,3.0,18.09,48.24,36.18,0.67,0.8534850640113798,18.09,26.09,2.0,0,1
200,15.71,Clear,Low,Afternoon,Scooter,28,5.0,69,1.0,15.71,439.88,78.55000000000001,0.5417241379310345,0.2992220227408737,47.13,75.13,2.0,0,0
214,4.87,Snowy,High,Evening,Bike,16,7.0,54,3.0,14.61,77.92,34.09,0.28647058823529414,1.192504258943782,14.61,30.61,3.0,1,1
409,18.15,Rainy,High,Morning,Bike,22,7.0,108,3.0,54.449999999999996,399.29999999999995,127.04999999999998,0.7891304347826086,0.3655352480417755,54.449999999999996,76.44999999999999,1.0,0,1
333,0.78,Clear,Medium,Morning,Bike,6,1.0,17,2.0,1.56,4.68,0.78,0.11142857142857143,0.5617977528089888,2.34,8.34,1.0,0,0
209,0.6,Clear,Low,Afternoon,Bike,26,3.0,30,1.0,0.6,15.6,1.7999999999999998,0.022222222222222223,1.875,1.7999999999999998,27.8,2.0,0,0
614,2.09,Clear,Medium,Evening,Bike,5,5.0,16,2.0,4.18,10.45,10.45,0.34833333333333333,1.6181229773462784,6.27,11.27,3.0,1,0
79,7.49,Clear,,Morning,Scooter,13,9.0,45,,,97.37,67.41,0.535,1.0600706713780919,22.47,35.47,1.0,0,0
30,1.41,Foggy,Medium,Evening,Bike,15,0.0,72,2.0,2.82,21.15,0.0,0.088125,0.0,4.2299999999999995,19.23,3.0,1,1
536,18.92,Clear,High,Morning,Scooter,27,4.0,100,3.0,56.760000000000005,510.84000000000003,75.68,0.6757142857142858,0.2008032128514056,56.760000000000005,83.76,1.0,0,0
696,12.41,Clear,Medium,Morning,Car,10,1.0,51,2.0,24.82,124.1,12.41,1.1281818181818182,0.07457121551081282,37.230000000000004,47.230000000000004,1.0,0,0
558,1.06,,Low,Afternoon,Scooter,19,6.0,21,1.0,1.06,20.14,6.36,0.053000000000000005,2.912621359223301,3.18,22.18,2.0,0,0
837,18.34,Clear,High,Night,Bike,9,4.0,92,3.0,55.019999999999996,165.06,73.36,1.834,0.20682523267838676,55.02,64.02000000000001,4.0,0,0
597,13.52,Clear,Low,Morning,Scooter,27,1.0,82,1.0,13.52,365.03999999999996,13.52,0.4828571428571428,0.06887052341597796,40.559999999999995,67.56,1.0,0,0
166,16.79,Foggy,High,Afternoon,Bike,24,6.0,85,3.0,50.37,402.96,100.74,0.6716,0.3372681281618887,50.37,74.37,2.0,0,1
919,15.39,Clear,Medium,Evening,Scooter,24,5.0,89,2.0,30.78,369.36,76.95,0.6156,0.3050640634533252,46.17,70.17,3.0,1,0
496,7.39,Rainy,Medium,Morning,Scooter,25,6.0,60,2.0,14.78,184.75,44.339999999999996,0.28423076923076923,0.7151370679380215,22.169999999999998,47.17,1.0,0,1
825,10.98,Rainy,Low,Morning,Scooter,10,6.0,55,1.0,10.98,109.80000000000001,65.88,0.9981818181818182,0.5008347245409015,32.940000000000005,42.940000000000005,1.0,0,1
66,11.08,Snowy,Medium,Morning,Bike,9,0.0,57,2.0,22.16,99.72,0.0,1.108,0.0,33.24,42.24,1.0,0,1
142,5.41,Clear,Medium,Night,Bike,14,5.0,36,2.0,10.82,75.74000000000001,27.05,0.3606666666666667,0.7800312012480499,16.23,30.23,4.0,0,0
926,0.94,Clear,High,Morning,Bike,9,6.0,21,3.0,2.82,8.459999999999999,5.64,0.094,3.0927835051546393,2.82,11.82,1.0,0,0
828,7.27,Windy,Low,Afternoon,Bike,10,5.0,35,1.0,7.27,72.69999999999999,36.349999999999994,0.6609090909090909,0.6045949214026602,21.81,31.81,2.0,0,1
656,2.99,Windy,Medium,Morning,Bike,27,5.0,41,2.0,5.98,80.73,14.950000000000001,0.10678571428571429,1.2531328320802004,8.97,35.97,1.0,0,1
332,15.28,Snowy,Low,Evening,Bike,16,5.0,72,1.0,15.28,244.48,76.39999999999999,0.8988235294117647,0.3071253071253071,45.84,61.84,3.0,1,1
665,2.48,Windy,Medium,Afternoon,Car,14,6.0,27,2.0,4.96,34.72,14.879999999999999,0.16533333333333333,1.7241379310344829,7.4399999999999995,21.439999999999998,2.0,0,1
250,17.13,Rainy,Low,Evening,Car,19,1.0,71,1.0,17.13,325.46999999999997,17.13,0.8564999999999999,0.05515719801434087,51.38999999999999,70.38999999999999,3.0,1,1
908,7.17,Clear,Low,Afternoon,Bike,15,7.0,32,1.0,7.17,107.55,50.19,0.448125,0.8567931456548348,21.509999999999998,36.51,2.0,0,0
709,5.47,Rainy,Low,Morning,Car,21,6.0,38,1.0,5.47,114.86999999999999,32.82,0.24863636363636363,0.9273570324574961,16.409999999999997,37.41,1.0,0,1
306,19.53,Foggy,Low,Afternoon,Bike,11,6.0,87,1.0,19.53,214.83,117.18,1.6275000000000002,0.2922552362396493,58.59,69.59,2.0,0,1
735,7.5,Clear,High,Morning,Bike,29,1.0,66,3.0,22.5,217.5,7.5,0.25,0.11764705882352941,22.5,51.5,1.0,0,0
976,5.61,Windy,Low,Night,Bike,25,9.0,48,1.0,5.61,140.25,50.49,0.21576923076923077,1.361573373676248,16.830000000000002,41.83,4.0,0,1
50,4.1,Clear,Low,Morning,Bike,21,3.0,37,1.0,4.1,86.1,12.299999999999999,0.18636363636363634,0.5882352941176471,12.299999999999999,33.3,1.0,0,0
897,6.22,Rainy,Medium,Morning,Bike,15,0.0,49,2.0,12.44,93.3,0.0,0.38875,0.0,18.66,33.66,1.0,0,1
3,14.77,,High,Morning,Scooter,11,6.0,67,3.0,44.31,162.47,88.62,1.2308333333333332,0.3804692454026633,44.309999999999995,55.309999999999995,1.0,0,0
545,12.55,Windy,Low,Evening,Bike,13,8.0,51,1.0,12.55,163.15,100.4,0.8964285714285715,0.5904059040590406,37.650000000000006,50.650000000000006,3.0,1,1
351,10.31,Foggy,Medium,Morning,Scooter,19,5.0,62,2.0,20.62,195.89000000000001,51.550000000000004,0.5155000000000001,0.4420866489832007,30.930000000000003,49.93000000000001,1.0,0,1
905,8.72,Snowy,Medium,Evening,Car,18,7.0,64,2.0,17.44,156.96,61.040000000000006,0.45894736842105266,0.7201646090534979,26.160000000000004,44.160000000000004,3.0,1,1
537,17.07,Clear,Medium,Morning,Bike,20,6.0,73,2.0,34.14,341.4,102.42,0.8128571428571428,0.3320420586607637,51.21,71.21000000000001,1.0,0,0
345,8.27,,High,Afternoon,Scooter,13,5.0,58,3.0,24.81,107.50999999999999,41.349999999999994,0.5907142857142856,0.5393743257820928,24.81,37.81,2.0,0,0
995,7.54,Snowy,Low,Afternoon,Bike,20,,55,1.0,7.54,150.8,,0.35904761904761906,,22.62,42.620000000000005,2.0,0,1
482,14.07,Clear,High,Afternoon,Bike,5,8.0,67,3.0,42.21,70.35,112.56,2.345,0.53085600530856,42.21,47.21,2.0,0,0
576,19.02,Clear,Medium,Afternoon,Bike,29,9.0,87,2.0,38.04,551.58,171.18,0.634,0.44955044955044954,57.059999999999995,86.06,2.0,0,0
34,19.0,Clear,High,Morning,Car,28,3.0,96,3.0,57.0,532.0,57.0,0.6551724137931034,0.15,57.0,85.0,1.0,0,0
32,3.83,Rainy,Medium,Afternoon,Bike,12,9.0,30,2.0,7.66,45.96,34.47,0.2946153846153846,1.8633540372670807,11.49,23.490000000000002,2.0,0,1
232,10.3,Clear,Low,Evening,Scooter,19,8.0,48,1.0,10.3,195.70000000000002,82.4,0.515,0.7079646017699115,30.900000000000002,49.900000000000006,3.0,1,0
964,8.09,Clear,High,Afternoon,Scooter,15,4.0,51,3.0,24.27,121.35,32.36,0.505625,0.44004400440044006,24.27,39.269999999999996,2.0,0,0
193,18.06,Clear,Medium,Night,Bike,9,8.0,52,2.0,36.12,162.54,144.48,1.8059999999999998,0.41972717733473247,54.17999999999999,63.17999999999999,4.0,0,0
334,2.76,Windy,Medium,Morning,Scooter,8,5.0,22,2.0,5.52,22.08,13.799999999999999,0.30666666666666664,1.3297872340425532,8.28,16.28,1.0,0,1
4,12.17,Snowy,Low,Evening,Bike,20,8.0,68,1.0,12.17,243.4,97.36,0.5795238095238096,0.6074411541381929,36.510000000000005,56.510000000000005,3.0,1,1
205,12.33,Clear,Medium,Evening,Bike,22,9.0,75,2.0,24.66,271.26,110.97,0.5360869565217391,0.6751687921980495,36.99,58.99,3.0,1,0
515,1.38,Clear,Medium,Evening,Scooter,5,8.0,13,2.0,2.76,6.8999999999999995,11.04,0.22999999999999998,3.361344537815126,4.14,9.14,3.0,1,0
800,18.49,Clear,Low,Afternoon,Scooter,14,6.0,71,1.0,18.49,258.85999999999996,110.94,1.2326666666666666,0.30785017957927147,55.46999999999999,69.47,2.0,0,0
307,10.57,Snowy,Low,Afternoon,Bike,28,9.0,59,1.0,10.57,295.96000000000004,95.13,0.3644827586206897,0.7778738115816767,31.709999999999997,59.709999999999994,2.0,0,1
110,2.0,Clear,High,Evening,Scooter,10,2.0,30,3.0,6.0,20.0,4.0,0.18181818181818182,0.6666666666666666,6.0,16.0,3.0,1,0
431,3.29,Clear,Medium,Afternoon,Scooter,17,4.0,32,2.0,6.58,55.93,13.16,0.1827777777777778,0.9324009324009324,9.870000000000001,26.87,2.0,0,0
78,1.94,Rainy,Medium,Morning,Bike,16,0.0,35,2.0,3.88,31.04,0.0,0.11411764705882353,0.0,5.82,21.82,1.0,0,1
85,6.56,Windy,Medium,,Bike,14,1.0,47,2.0,13.12,91.83999999999999,6.56,0.4373333333333333,0.1322751322751323,19.679999999999996,33.67999999999999,,0,1
287,9.58,Clear,High,Afternoon,Car,26,8.0,60,3.0,28.740000000000002,249.08,76.64,0.3548148148148148,0.7561436672967864,28.74,54.739999999999995,2.0,0,0
83,6.95,Clear,Medium,Morning,Scooter,25,2.0,58,2.0,13.9,173.75,13.9,0.2673076923076923,0.25157232704402516,20.85,45.85,1.0,0,0
992,14.05,Clear,High,Morning,Scooter,19,0.0,72,3.0,42.150000000000006,266.95,0.0,0.7025,0.0,42.15,61.15,1.0,0,0
790,18.97,Rainy,High,Night,Bike,20,8.0,108,3.0,56.91,379.4,151.76,0.9033333333333333,0.4006009013520281,56.91,76.91,4.0,0,1
895,13.53,Rainy,Low,Evening,Bike,28,8.0,78,1.0,13.53,378.84,108.24,0.466551724137931,0.5505849965588437,40.589999999999996,68.59,3.0,1,1
399,15.14,Rainy,Medium,Morning,Bike,8,6.0,66,2.0,30.28,121.12,90.84,1.6822222222222223,0.37174721189591076,45.42,53.42,1.0,0,1
324,5.96,Clear,Low,Afternoon,Bike,26,6.0,48,1.0,5.96,154.96,35.76,0.22074074074074074,0.8620689655172414,17.88,43.879999999999995,2.0,0,0
520,3.43,Windy,Medium,Morning,Bike,7,6.0,23,2.0,6.86,24.01,20.580000000000002,0.42875,1.3544018058690745,10.290000000000001,17.29,1.0,0,1
917,6.24,,Medium,Evening,Bike,15,3.0,52,2.0,12.48,93.60000000000001,18.72,0.39,0.4143646408839779,18.72,33.72,3.0,1,0
923,17.94,Rainy,High,Evening,Scooter,22,6.0,85,3.0,53.82000000000001,394.68,107.64000000000001,0.78,0.3167898627243928,53.82,75.82,3.0,1,1
6,3.54,Rainy,Medium,Evening,Bike,10,5.0,32,2.0,7.08,35.4,17.7,0.32181818181818184,1.1013215859030836,10.62,20.619999999999997,3.0,1,1
732,16.38,Rainy,Medium,Night,Bike,7,,90,2.0,32.76,114.66,,2.0475,,49.14,56.14,4.0,0,1
466,7.81,Clear,Low,Evening,Bike,11,4.0,42,1.0,7.81,85.91,31.24,0.6508333333333333,0.45402951191827473,23.429999999999996,34.42999999999999,3.0,1,0
98,8.84,Clear,,Morning,Bike,26,0.0,57,,,229.84,0.0,0.3274074074074074,0.0,26.52,52.519999999999996,1.0,0,0
267,14.09,Clear,Medium,Afternoon,Scooter,12,3.0,55,2.0,28.18,169.07999999999998,42.269999999999996,1.083846153846154,0.1988071570576541,42.27,54.27,2.0,0,0
358,11.92,Clear,Low,Afternoon,Scooter,14,4.0,46,1.0,11.92,166.88,47.68,0.7946666666666666,0.30959752321981426,35.76,49.76,2.0,0,0
869,17.3,Clear,Low,Evening,Scooter,9,0.0,67,1.0,17.3,155.70000000000002,0.0,1.73,0.0,51.9,60.9,3.0,1,0
799,14.08,Clear,High,Morning,Bike,28,6.0,66,3.0,42.24,394.24,84.48,0.48551724137931035,0.3978779840848806,42.239999999999995,70.24,1.0,0,0
381,2.8,Clear,High,Afternoon,Bike,28,1.0,50,3.0,8.399999999999999,78.39999999999999,2.8,0.09655172413793103,0.2631578947368421,8.399999999999999,36.4,2.0,0,0
632,17.96,Clear,Medium,,Bike,22,2.0,76,2.0,35.92,395.12,35.92,0.7808695652173914,0.10548523206751054,53.88,75.88,,0,0
382,14.09,Clear,High,Afternoon,Bike,12,6.0,67,3.0,42.269999999999996,169.07999999999998,84.53999999999999,1.083846153846154,0.3976143141153082,42.27,54.27,2.0,0,0
491,9.39,Clear,Low,Morning,Bike,14,2.0,37,1.0,9.39,131.46,18.78,0.626,0.19249278152069296,28.17,42.17,1.0,0,0
119,17.9,Clear,Low,Morning,Bike,23,,85,1.0,17.9,411.7,,0.7458333333333332,,53.699999999999996,76.69999999999999,1.0,0,0
901,4.55,Rainy,Low,Afternoon,Bike,5,6.0,21,1.0,4.55,22.75,27.299999999999997,0.7583333333333333,1.0810810810810811,13.649999999999999,18.65,2.0,0,1
251,6.24,Snowy,Low,Afternoon,Bike,20,4.0,51,1.0,6.24,124.80000000000001,24.96,0.29714285714285715,0.5524861878453039,18.72,38.72,2.0,0,1
524,16.92,Clear,Low,Morning,Scooter,29,0.0,70,1.0,16.92,490.68000000000006,0.0,0.5640000000000001,0.0,50.760000000000005,79.76,1.0,0,0
10,14.31,Clear,Medium,Morning,Bike,9,8.0,47,2.0,28.62,128.79,114.48,1.431,0.5225342913128674,42.93,51.93,1.0,0,0
197,14.66,Windy,Medium,,Bike,20,2.0,77,2.0,29.32,293.2,29.32,0.6980952380952381,0.1277139208173691,43.98,63.98,,0,1
604,2.23,Clear,Low,Morning,Bike,7,6.0,14,1.0,2.23,15.61,13.379999999999999,0.27875,1.8575851393188854,6.69,13.690000000000001,1.0,0,0
82,12.65,Clear,Low,Evening,Bike,15,4.0,66,1.0,12.65,189.75,50.6,0.790625,0.29304029304029305,37.95,52.95,3.0,1,0
784,7.24,Rainy,Medium,Evening,Bike,28,6.0,65,2.0,14.48,202.72,43.44,0.24965517241379312,0.7281553398058253,21.72,49.72,3.0,1,1
588,3.01,Clear,Medium,Evening,Bike,14,4.0,26,2.0,6.02,42.14,12.04,0.20066666666666666,0.9975062344139651,9.03,23.03,3.0,1,0
798,11.52,,Medium,Morning,Scooter,25,2.0,58,2.0,23.04,288.0,23.04,0.44307692307692303,0.1597444089456869,34.559999999999995,59.559999999999995,1.0,0,0
240,3.95,Clear,Low,Afternoon,Bike,13,5.0,25,1.0,3.95,51.35,19.75,0.28214285714285714,1.0101010101010102,11.850000000000001,24.85,2.0,0,0
291,1.09,Clear,Medium,Morning,Scooter,6,2.0,17,2.0,2.18,6.540000000000001,2.18,0.15571428571428572,0.9569377990430623,3.2700000000000005,9.27,1.0,0,0
212,13.99,Clear,High,Evening,Scooter,7,3.0,96,3.0,41.97,97.93,41.97,1.74875,0.200133422281521,41.97,48.97,3.0,1,0
718,19.32,Rainy,High,Morning,Car,21,7.0,112,3.0,57.96,405.72,135.24,0.8781818181818182,0.34448818897637795,57.96,78.96000000000001,1.0,0,1
360,11.72,Rainy,Low,Evening,Bike,11,9.0,42,1.0,11.72,128.92000000000002,105.48,0.9766666666666667,0.7075471698113207,35.160000000000004,46.160000000000004,3.0,1,1
450,2.13,Rainy,Low,Morning,Scooter,9,2.0,22,1.0,2.13,19.169999999999998,4.26,0.213,0.6389776357827476,6.39,15.39,1.0,0,1
228,8.17,Clear,Medium,Afternoon,Scooter,20,9.0,44,2.0,16.34,163.4,73.53,0.38904761904761903,0.9814612868047983,24.509999999999998,44.51,2.0,0,0
951,12.21,Clear,High,Morning,Bike,9,4.0,57,3.0,36.63,109.89000000000001,48.84,1.221,0.30280090840272517,36.63,45.63,1.0,0,0
947,3.17,Clear,Medium,Evening,Scooter,17,6.0,33,2.0,6.34,53.89,19.02,0.1761111111111111,1.4388489208633093,9.51,26.509999999999998,3.0,1,0
797,18.68,Snowy,Low,Afternoon,Bike,11,8.0,62,1.0,18.68,205.48,149.44,1.5566666666666666,0.4065040650406504,56.04,67.03999999999999,2.0,0,1
502,10.95,Clear,Medium,Evening,Scooter,24,4.0,55,2.0,21.9,262.79999999999995,43.8,0.43799999999999994,0.3347280334728034,32.85,56.85,3.0,1,0
465,19.26,Windy,Medium,Morning,Scooter,21,6.0,67,2.0,38.52,404.46000000000004,115.56,0.8754545454545455,0.29615004935834155,57.78,78.78,1.0,0,1
363,9.44,Rainy,,Evening,Scooter,28,8.0,63,,,264.32,75.52,0.3255172413793103,0.7662835249042146,28.32,56.32,3.0,1,1
469,4.86,Foggy,Medium,Evening,Car,25,4.0,52,2.0,9.72,121.50000000000001,19.44,0.18692307692307694,0.68259385665529,14.580000000000002,39.58,3.0,1,1
936,5.81,Foggy,Low,Afternoon,Bike,25,8.0,51,1.0,5.81,145.25,46.48,0.22346153846153843,1.1747430249632893,17.43,42.43,2.0,0,1
429,7.34,Rainy,Low,Evening,Bike,22,8.0,47,1.0,7.34,161.48,58.72,0.31913043478260866,0.9592326139088729,22.02,44.019999999999996,3.0,1,1
8,17.39,Foggy,Medium,Morning,Bike,25,4.0,100,2.0,34.78,434.75,69.56,0.6688461538461539,0.2175095160413268,52.17,77.17,1.0,0,1
156,5.22,Snowy,Low,Evening,Bike,11,9.0,40,1.0,5.22,57.419999999999995,46.98,0.435,1.4469453376205788,15.66,26.66,3.0,1,1
542,12.32,Clear,Medium,Evening,Scooter,17,4.0,71,2.0,24.64,209.44,49.28,0.6844444444444444,0.3003003003003003,36.96,53.96,3.0,1,0
441,2.15,Windy,Medium,Afternoon,Car,17,6.0,30,2.0,4.3,36.55,12.899999999999999,0.11944444444444444,1.9047619047619049,6.45,23.45,2.0,0,1
483,9.36,Rainy,High,Morning,Scooter,17,2.0,65,3.0,28.08,159.12,18.72,0.52,0.19305019305019305,28.08,45.08,1.0,0,1
423,2.28,Clear,Medium,Evening,Scooter,27,9.0,39,2.0,4.56,61.559999999999995,20.52,0.08142857142857142,2.7439024390243905,6.84,33.84,3.0,1,0
779,14.54,Clear,Medium,Evening,Bike,29,2.0,73,2.0,29.08,421.65999999999997,29.08,0.48466666666666663,0.1287001287001287,43.62,72.62,3.0,1,0
950,12.15,Clear,High,Morning,Car,12,6.0,63,3.0,36.45,145.8,72.9,0.9346153846153846,0.45627376425855515,36.45,48.45,1.0,0,0
335,1.4,Windy,Low,Evening,Bike,9,9.0,17,1.0,1.4,12.6,12.6,0.13999999999999999,3.75,4.199999999999999,13.2,3.0,1,1
577,3.37,Clear,High,Morning,Bike,9,,28,3.0,10.11,30.330000000000002,,0.337,,10.110000000000001,19.11,1.0,0,0
935,3.85,Rainy,Medium,Afternoon,Bike,26,3.0,46,2.0,7.7,100.10000000000001,11.55,0.1425925925925926,0.6185567010309279,11.55,37.55,2.0,0,1
568,9.03,Clear,Low,,Bike,11,5.0,43,1.0,9.03,99.33,45.15,0.7525,0.4985044865403789,27.089999999999996,38.089999999999996,,0,0
595,17.99,Snowy,Low,Afternoon,Bike,15,3.0,63,1.0,17.99,269.84999999999997,53.97,1.124375,0.1579778830963665,53.97,68.97,2.0,0,1
531,16.35,Clear,Medium,Morning,Bike,16,0.0,66,2.0,32.7,261.6,0.0,0.9617647058823531,0.0,49.050000000000004,65.05000000000001,1.0,0,0
582,19.61,Clear,High,Evening,Bike,8,6.0,72,3.0,58.83,156.88,117.66,2.178888888888889,0.2911208151382824,58.83,66.83,3.0,1,0
708,16.29,Clear,Low,Morning,Bike,20,1.0,72,1.0,16.29,325.79999999999995,16.29,0.7757142857142857,0.0578368999421631,48.87,68.87,1.0,0,0
449,7.84,Windy,Low,Afternoon,Bike,6,4.0,28,1.0,7.84,47.04,31.36,1.1199999999999999,0.45248868778280543,23.52,29.52,2.0,0,1
454,18.17,Rainy,Low,Afternoon,Car,13,0.0,71,1.0,18.17,236.21000000000004,0.0,1.297857142857143,0.0,54.510000000000005,67.51,2.0,0,1
229,17.89,Windy,Low,,Bike,27,1.0,101,1.0,17.89,483.03000000000003,17.89,0.6389285714285714,0.05293806246691371,53.67,80.67,,0,1
353,13.34,Clear,Medium,Night,Bike,20,6.0,53,2.0,26.68,266.8,80.03999999999999,0.6352380952380953,0.41841004184100417,40.02,60.02,4.0,0,0
729,4.43,Foggy,Low,Morning,Scooter,10,1.0,63,1.0,4.43,44.3,4.43,0.4027272727272727,0.1841620626151013,13.29,23.29,1.0,0,1
213,13.21,Clear,,Morning,Scooter,12,4.0,63,,,158.52,52.84,1.0161538461538462,0.28149190710767064,39.63,51.63,1.0,0,0
80,2.76,Windy,Medium,Night,Bike,6,2.0,27,2.0,5.52,16.56,5.52,0.39428571428571424,0.5319148936170213,8.28,14.28,4.0,0,1
149,1.5,Foggy,Medium,Evening,Scooter,15,4.0,32,2.0,3.0,22.5,6.0,0.09375,1.6,4.5,19.5,3.0,1,1
303,11.04,Clear,Medium,Afternoon,Scooter,8,2.0,54,2.0,22.08,88.32,22.08,1.2266666666666666,0.16611295681063123,33.12,41.12,2.0,0,0
629,1.22,Clear,Medium,Evening,Scooter,6,,14,2.0,2.44,7.32,,0.1742857142857143,,3.66,9.66,3.0,1,0
778,14.58,Clear,Low,Afternoon,Bike,13,,57,1.0,14.58,189.54,,1.0414285714285714,,43.74,56.74,2.0,0,0
507,18.26,Rainy,High,Night,Scooter,28,7.0,93,3.0,54.78,511.28000000000003,127.82000000000001,0.6296551724137932,0.3634475597092419,54.78,82.78,4.0,0,1
343,3.88,Foggy,Low,Evening,Car,27,9.0,42,1.0,3.88,104.75999999999999,34.92,0.13857142857142857,1.8442622950819672,11.64,38.64,3.0,1,1
486,18.07,Clear,High,Afternoon,Scooter,5,2.0,67,3.0,54.21,90.35,36.14,3.0116666666666667,0.1048767697954903,54.21,59.21,2.0,0,0
712,12.11,Clear,Medium,Evening,Bike,28,0.0,75,2.0,24.22,339.08,0.0,0.4175862068965517,0.0,36.33,64.33,3.0,1,0
134,7.08,Clear,Medium,Afternoon,Scooter,5,8.0,27,2.0,14.16,35.4,56.64,1.18,0.9900990099009901,21.24,26.24,2.0,0,0
704,3.12,Rainy,Low,Evening,Scooter,14,5.0,28,1.0,3.12,43.68,15.600000000000001,0.20800000000000002,1.2135922330097086,9.36,23.36,3.0,1,1
312,2.03,Foggy,High,Evening,Car,14,4.0,36,3.0,6.09,28.419999999999998,8.12,0.13533333333333333,1.3201320132013201,6.09,20.09,3.0,1,1
723,1.8,Clear,,Night,Bike,14,1.0,28,,,25.2,1.8,0.12000000000000001,0.35714285714285715,5.3999999999999995,19.4,4.0,0,0
630,5.42,Clear,Low,Evening,Scooter,11,9.0,26,1.0,5.42,59.62,48.78,0.45166666666666666,1.4018691588785046,16.26,27.26,3.0,1,0
1,7.8,Clear,Low,Evening,Scooter,23,5.0,52,1.0,7.8,179.4,39.0,0.325,0.5681818181818181,23.400000000000002,46.400000000000006,3.0,1,0
317,8.47,Rainy,Low,Afternoon,Scooter,19,0.0,48,1.0,8.47,160.93,0.0,0.42350000000000004,0.0,25.410000000000004,44.410000000000004,2.0,0,1
707,6.79,Rainy,Low,Evening,Scooter,16,1.0,39,1.0,6.79,108.64,6.79,0.39941176470588236,0.12836970474967907,20.37,36.370000000000005,3.0,1,1
548,13.6,Rainy,Medium,Afternoon,Scooter,23,6.0,83,2.0,27.2,312.8,81.6,0.5666666666666667,0.4109589041095891,40.8,63.8,2.0,0,1
873,13.06,Rainy,High,Morning,Bike,17,8.0,59,3.0,39.18,222.02,104.48,0.7255555555555556,0.5689900426742531,39.18,56.18,1.0,0,1
533,19.93,Snowy,Low,Afternoon,Bike,6,6.0,59,1.0,19.93,119.58,119.58,2.847142857142857,0.2866698518872432,59.79,65.78999999999999,2.0,0,1
478,11.3,Snowy,Medium,Afternoon,Bike,15,8.0,70,2.0,22.6,169.5,90.4,0.70625,0.6504065040650406,33.900000000000006,48.900000000000006,2.0,0,1
405,6.74,Rainy,Medium,Evening,Car,21,9.0,47,2.0,13.48,141.54,60.660000000000004,0.3063636363636364,1.1627906976744187,20.220000000000002,41.22,3.0,1,1
173,10.49,Rainy,Low,Morning,Bike,28,9.0,66,1.0,10.49,293.72,94.41,0.3617241379310345,0.783289817232376,31.47,59.47,1.0,0,1
126,8.83,,Medium,Evening,Scooter,12,3.0,109,2.0,17.66,105.96000000000001,26.490000000000002,0.6792307692307692,0.3051881993896236,26.490000000000002,38.49,3.0,1,0
395,7.15,Clear,High,Night,Car,29,7.0,60,3.0,21.450000000000003,207.35000000000002,50.050000000000004,0.23833333333333334,0.8588957055214723,21.450000000000003,50.45,4.0,0,0
421,15.94,Clear,Low,Evening,Bike,24,2.0,77,1.0,15.94,382.56,31.88,0.6376,0.11806375442739081,47.81999999999999,71.82,3.0,1,0
553,11.26,Foggy,High,Afternoon,Bike,14,2.0,70,3.0,33.78,157.64,22.52,0.7506666666666667,0.1631321370309951,33.779999999999994,47.779999999999994,2.0,0,1
904,11.87,Clear,Medium,Morning,Bike,10,6.0,43,2.0,23.74,118.69999999999999,71.22,1.079090909090909,0.46620046620046623,35.60999999999999,45.60999999999999,1.0,0,0
91,2.83,Windy,Medium,Afternoon,Scooter,14,6.0,28,2.0,5.66,39.620000000000005,16.98,0.18866666666666668,1.566579634464752,8.49,22.490000000000002,2.0,0,1
940,11.74,Clear,Low,Afternoon,Car,20,1.0,52,1.0,11.74,234.8,11.74,0.559047619047619,0.07849293563579278,35.22,55.22,2.0,0,0
182,2.71,Clear,Low,Morning,Scooter,6,1.0,20,1.0,2.71,16.259999999999998,2.71,0.3871428571428571,0.2695417789757412,8.13,14.13,1.0,0,0
275,10.47,Clear,High,Evening,Scooter,14,7.0,55,3.0,31.410000000000004,146.58,73.29,0.6980000000000001,0.6102877070619006,31.410000000000004,45.410000000000004,3.0,1,0
896,4.5,Snowy,High,Evening,Bike,24,0.0,66,3.0,13.5,108.0,0.0,0.18,0.0,13.5,37.5,3.0,1,1
70,19.74,,Low,,Car,21,7.0,71,1.0,19.74,414.53999999999996,138.17999999999998,0.8972727272727272,0.3375120540019287,59.21999999999999,80.22,,0,0
292,1.23,Clear,Low,Evening,Bike,18,6.0,21,1.0,1.23,22.14,7.38,0.06473684210526316,2.690582959641256,3.69,21.69,3.0,1,0
132,4.83,Clear,Low,Evening,Bike,11,1.0,29,1.0,4.83,53.13,4.83,0.4025,0.17152658662092624,14.49,25.490000000000002,3.0,1,0
301,1.51,Clear,High,Afternoon,Bike,14,2.0,32,3.0,4.53,21.14,3.02,0.10066666666666667,0.7968127490039841,4.53,18.53,2.0,0,0
425,1.62,Windy,Low,Evening,Bike,9,8.0,16,1.0,1.62,14.580000000000002,12.96,0.162,3.0534351145038165,4.86,13.86,3.0,1,1
327,11.31,Clear,High,Evening,Bike,20,0.0,67,3.0,33.93,226.20000000000002,0.0,0.5385714285714286,0.0,33.93,53.93,3.0,1,0
145,6.05,Clear,Medium,Morning,Car,24,0.0,48,2.0,12.1,145.2,0.0,0.242,0.0,18.15,42.15,1.0,0,0
424,10.14,Clear,Medium,Morning,Scooter,20,1.0,59,2.0,20.28,202.8,10.14,0.4828571428571429,0.08976660682226212,30.42,50.42,1.0,0,0
581,9.45,Clear,Low,Afternoon,Car,13,0.0,49,1.0,9.45,122.85,0.0,0.6749999999999999,0.0,28.349999999999998,41.349999999999994,2.0,0,0
136,6.8,Clear,High,Evening,Bike,28,5.0,55,3.0,20.4,190.4,34.0,0.23448275862068965,0.6410256410256411,20.4,48.4,3.0,1,0
451,15.65,Clear,Low,Afternoon,Bike,27,0.0,76,1.0,15.65,422.55,0.0,0.5589285714285714,0.0,46.949999999999996,73.94999999999999,2.0,0,0
165,2.26,Clear,Medium,Morning,Scooter,6,3.0,19,2.0,4.52,13.559999999999999,6.779999999999999,0.32285714285714284,0.9202453987730062,6.779999999999999,12.78,1.0,0,0
29,12.05,Clear,Low,Evening,Scooter,29,4.0,61,1.0,12.05,349.45000000000005,48.2,0.40166666666666667,0.3065134099616858,36.150000000000006,65.15,3.0,1,0
774,8.25,Windy,Medium,Evening,Car,24,4.0,62,2.0,16.5,198.0,33.0,0.33,0.43243243243243246,24.75,48.75,3.0,1,1
194,12.85,Rainy,Medium,Afternoon,Scooter,23,0.0,80,2.0,25.7,295.55,0.0,0.5354166666666667,0.0,38.55,61.55,2.0,0,1
389,15.14,Windy,Medium,Morning,Bike,15,4.0,71,2.0,30.28,227.10000000000002,60.56,0.94625,0.24783147459727384,45.42,60.42,1.0,0,1
853,4.59,Foggy,Low,Evening,Scooter,19,8.0,36,1.0,4.59,87.21,36.72,0.22949999999999998,1.4311270125223614,13.77,32.769999999999996,3.0,1,1
170,12.02,Clear,Low,Afternoon,Bike,26,0.0,63,1.0,12.02,312.52,0.0,0.4451851851851852,0.0,36.06,62.06,2.0,0,0
706,19.8,Clear,High,Evening,Bike,7,3.0,88,3.0,59.400000000000006,138.6,59.400000000000006,2.475,0.14423076923076922,59.4,66.4,3.0,1,0
141,19.27,Foggy,High,Afternoon,Bike,14,6.0,92,3.0,57.81,269.78,115.62,1.2846666666666666,0.2960039467192896,57.81,71.81,2.0,0,1
174,4.92,Clear,High,Morning,Scooter,12,0.0,41,3.0,14.76,59.04,0.0,0.37846153846153846,0.0,14.76,26.759999999999998,1.0,0,0
7,1.63,Rainy,Medium,Night,Bike,24,5.0,38,2.0,3.26,39.12,8.149999999999999,0.0652,1.9011406844106464,4.89,28.89,4.0,0,1
746,18.04,Clear,Medium,Morning,Bike,8,5.0,71,2.0,36.08,144.32,90.19999999999999,2.0044444444444443,0.26260504201680673,54.12,62.12,1.0,0,0
479,19.4,Snowy,,Afternoon,Scooter,23,9.0,92,,,446.2,174.6,0.8083333333333332,0.44117647058823534,58.199999999999996,81.19999999999999,2.0,0,1
74,16.4,Clear,High,Morning,Scooter,12,2.0,70,3.0,49.199999999999996,196.79999999999998,32.8,1.2615384615384615,0.1149425287356322,49.199999999999996,61.199999999999996,1.0,0,0
911,12.01,Clear,Low,Morning,Car,5,7.0,42,1.0,12.01,60.05,84.07,2.0016666666666665,0.5380476556495004,36.03,41.03,1.0,0,0
814,18.46,Clear,,,Scooter,29,1.0,153,,,535.34,18.46,0.6153333333333334,0.051387461459403906,55.38,84.38,,0,0
239,13.09,Windy,Low,,Scooter,17,1.0,69,1.0,13.09,222.53,13.09,0.7272222222222222,0.07097232079488999,39.269999999999996,56.269999999999996,,0,1
146,1.22,Foggy,High,Afternoon,Scooter,14,2.0,38,3.0,3.66,17.08,2.44,0.08133333333333333,0.900900900900901,3.66,17.66,2.0,0,1
793,10.36,Rainy,Medium,Afternoon,Bike,7,8.0,39,2.0,20.72,72.52,82.88,1.295,0.7042253521126761,31.080000000000002,38.08,2.0,0,1
235,4.31,Rainy,Medium,Afternoon,Bike,9,2.0,35,2.0,8.62,38.79,8.62,0.43099999999999994,0.37664783427495296,12.929999999999998,21.93,2.0,0,1
221,13.32,Windy,Medium,Afternoon,Bike,26,0.0,71,2.0,26.64,346.32,0.0,0.49333333333333335,0.0,39.96,65.96000000000001,2.0,0,1
924,16.1,Clear,Low,Morning,Car,16,6.0,61,1.0,16.1,257.6,96.60000000000001,0.9470588235294118,0.3508771929824561,48.300000000000004,64.30000000000001,1.0,0,0
501,14.11,Rainy,High,Morning,Scooter,24,3.0,93,3.0,42.33,338.64,42.33,0.5644,0.19854401058901391,42.33,66.33,1.0,0,1
133,2.84,Clear,Medium,Night,Scooter,28,1.0,44,2.0,5.68,79.52,2.84,0.09793103448275861,0.2604166666666667,8.52,36.519999999999996,4.0,0,0
991,16.09,Snowy,Low,Morning,Car,13,6.0,69,1.0,16.09,209.17,96.53999999999999,1.1492857142857142,0.3510825043885313,48.269999999999996,61.269999999999996,1.0,0,1
775,16.05,Snowy,Medium,Evening,Bike,11,2.0,89,2.0,32.1,176.55,32.1,1.3375000000000001,0.11730205278592375,48.15,59.15,3.0,1,1
186,13.37,Windy,High,Afternoon,Scooter,17,8.0,63,3.0,40.11,227.29,106.96,0.7427777777777778,0.5567153792623522,40.11,57.11,2.0,0,1
42,10.16,Snowy,Medium,Night,Bike,10,1.0,67,2.0,20.32,101.6,10.16,0.9236363636363637,0.08960573476702509,30.48,40.480000000000004,4.0,0,1
697,6.13,Clear,Medium,Night,Scooter,22,0.0,48,2.0,12.26,134.85999999999999,0.0,0.26652173913043475,0.0,18.39,40.39,4.0,0,0
109,4.96,Rainy,Low,Afternoon,Car,10,7.0,28,1.0,4.96,49.6,34.72,0.4509090909090909,1.174496644295302,14.879999999999999,24.88,2.0,0,1
589,3.0,Clear,Low,Morning,Scooter,29,1.0,43,1.0,3.0,87.0,3.0,0.1,0.25,9.0,38.0,1.0,0,0
57,2.23,Snowy,Medium,Evening,Car,14,0.0,41,2.0,4.46,31.22,0.0,0.14866666666666667,0.0,6.69,20.69,3.0,1,1
406,17.96,Clear,,Evening,Scooter,26,0.0,74,,,466.96000000000004,0.0,0.6651851851851852,0.0,53.88,79.88,3.0,1,0
443,7.8,Rainy,Medium,Morning,Bike,11,7.0,49,2.0,15.6,85.8,54.6,0.65,0.7954545454545454,23.400000000000002,34.400000000000006,1.0,0,1
758,10.9,Clear,High,Afternoon,Scooter,6,8.0,47,3.0,32.7,65.4,87.2,1.5571428571428572,0.6722689075630252,32.7,38.7,2.0,0,0
998,3.17,Clear,Low,Afternoon,Bike,17,1.0,28,1.0,3.17,53.89,3.17,0.1761111111111111,0.23980815347721823,9.51,26.509999999999998,2.0,0,0
25,9.39,Windy,Medium,Morning,Scooter,21,9.0,50,2.0,18.78,197.19,84.51,0.4268181818181818,0.8662175168431183,28.17,49.17,1.0,0,1
468,17.44,Clear,Low,Evening,Bike,25,9.0,89,1.0,17.44,436.00000000000006,156.96,0.6707692307692308,0.4880694143167028,52.32000000000001,77.32000000000001,3.0,1,0
540,3.02,Rainy,Medium,Morning,Bike,23,1.0,46,2.0,6.04,69.46,3.02,0.12583333333333332,0.24875621890547267,9.06,32.06,1.0,0,1
532,19.99,Rainy,High,Evening,Bike,17,1.0,112,3.0,59.97,339.83,19.99,1.1105555555555555,0.04764173415912339,59.97,76.97,3.0,1,1
619,16.22,Rainy,High,Evening,Bike,22,0.0,102,3.0,48.66,356.84,0.0,0.7052173913043478,0.0,48.66,70.66,3.0,1,1
695,2.74,Clear,High,Afternoon,Bike,18,9.0,37,3.0,8.22,49.32000000000001,24.660000000000004,0.14421052631578948,2.406417112299465,8.22,26.22,2.0,0,0
927,5.74,Rainy,High,Evening,Bike,13,9.0,46,3.0,17.22,74.62,51.660000000000004,0.41000000000000003,1.3353115727002967,17.220000000000002,30.220000000000002,3.0,1,1
339,9.75,Clear,Low,Afternoon,Bike,22,7.0,50,1.0,9.75,214.5,68.25,0.42391304347826086,0.6511627906976745,29.25,51.25,2.0,0,0
52,15.62,Rainy,Medium,Afternoon,Scooter,23,7.0,78,2.0,31.24,359.26,109.33999999999999,0.6508333333333333,0.4211793020457281,46.85999999999999,69.85999999999999,2.0,0,1
508,16.54,Rainy,Medium,Afternoon,Bike,25,7.0,77,2.0,33.08,413.5,115.78,0.6361538461538461,0.3990877993158495,49.62,74.62,2.0,0,1
517,7.84,Rainy,Low,Morning,Scooter,7,8.0,36,1.0,7.84,54.879999999999995,62.72,0.98,0.9049773755656109,23.52,30.52,1.0,0,1
921,17.44,,Low,Night,Car,23,0.0,85,1.0,17.44,401.12,0.0,0.7266666666666667,0.0,52.32000000000001,75.32000000000001,4.0,0,0
782,11.08,Windy,High,Afternoon,Bike,16,6.0,70,3.0,33.24,177.28,66.48,0.6517647058823529,0.4966887417218543,33.24,49.24,2.0,0,1
265,17.61,Clear,Medium,Evening,Scooter,21,9.0,79,2.0,35.22,369.81,158.49,0.8004545454545454,0.4836109618484686,52.83,73.83,3.0,1,0
818,8.28,Snowy,Low,Evening,Car,29,7.0,58,1.0,8.28,240.11999999999998,57.959999999999994,0.27599999999999997,0.7543103448275863,24.84,53.84,3.0,1,1
711,15.32,Clear,Medium,Morning,Bike,17,6.0,80,2.0,30.64,260.44,91.92,0.8511111111111112,0.3676470588235294,45.96,62.96,1.0,0,0
683,3.83,Rainy,Low,Evening,Car,27,3.0,49,1.0,3.83,103.41,11.49,0.1367857142857143,0.6211180124223602,11.49,38.49,3.0,1,1
833,3.25,Rainy,,Evening,Scooter,29,0.0,51,,,94.25,0.0,0.10833333333333334,0.0,9.75,38.75,3.0,1,1
519,19.75,Clear,Medium,Morning,Bike,25,1.0,103,2.0,39.5,493.75,19.75,0.7596153846153846,0.04819277108433735,59.25,84.25,1.0,0,0
448,15.19,Foggy,Low,Evening,Scooter,6,4.0,53,1.0,15.19,91.14,60.76,2.17,0.24706609017912295,45.57,51.57,3.0,1,1
19,8.92,Windy,,Morning,Bike,25,4.0,62,,,223.0,35.68,0.34307692307692306,0.40322580645161293,26.76,51.760000000000005,1.0,0,1
716,18.63,Windy,Low,Afternoon,Bike,11,5.0,85,1.0,18.63,204.92999999999998,93.14999999999999,1.5525,0.2547121752419766,55.89,66.89,2.0,0,1
484,12.74,Clear,Low,Night,Scooter,18,0.0,67,1.0,12.74,229.32,0.0,0.6705263157894737,0.0,38.22,56.22,4.0,0,0
569,18.13,Rainy,High,Evening,Bike,21,2.0,88,3.0,54.39,380.72999999999996,36.26,0.8240909090909091,0.10454783063251438,54.39,75.39,3.0,1,1
434,2.47,Rainy,Low,Afternoon,Car,22,6.0,34,1.0,2.47,54.34,14.82,0.1073913043478261,1.7291066282420748,7.410000000000001,29.41,2.0,0,1
368,18.15,Windy,Medium,Morning,Bike,11,2.0,89,2.0,36.3,199.64999999999998,36.3,1.5125,0.10443864229765014,54.449999999999996,65.44999999999999,1.0,0,1
84,1.74,Foggy,High,Afternoon,Scooter,8,9.0,28,3.0,5.22,13.92,15.66,0.19333333333333333,3.284671532846715,5.22,13.219999999999999,2.0,0,1
62,5.79,Windy,Medium,Morning,Bike,26,6.0,49,2.0,11.58,150.54,34.74,0.21444444444444444,0.8836524300441826,17.369999999999997,43.37,1.0,0,1
639,5.75,Windy,High,Morning,Scooter,7,4.0,37,3.0,17.25,40.25,23.0,0.71875,0.5925925925925926,17.25,24.25,1.0,0,1
273,17.41,Snowy,Medium,Evening,Bike,20,4.0,80,2.0,34.82,348.2,69.64,0.829047619047619,0.21727322107550245,52.230000000000004,72.23,3.0,1,1
286,1.2,Rainy,Low,Morning,Scooter,24,7.0,33,1.0,1.2,28.799999999999997,8.4,0.048,3.1818181818181817,3.5999999999999996,27.6,1.0,0,1
361,8.07,Windy,Low,Evening,Bike,21,4.0,48,1.0,8.07,169.47,32.28,0.3668181818181818,0.4410143329658214,24.21,45.21,3.0,1,1
355,1.88,Clear,Medium,Morning,Scooter,24,7.0,35,2.0,3.76,45.12,13.16,0.07519999999999999,2.430555555555556,5.64,29.64,1.0,0,0
457,0.72,Rainy,Medium,Afternoon,Scooter,9,2.0,23,2.0,1.44,6.4799999999999995,1.44,0.072,1.1627906976744187,2.1599999999999997,11.16,2.0,0,1
279,14.19,Clear,Medium,Afternoon,Bike,9,1.0,57,2.0,28.38,127.71,14.19,1.419,0.06583278472679395,42.57,51.57,2.0,0,0
13,16.73,Windy,High,Afternoon,Scooter,9,7.0,71,3.0,50.19,150.57,117.11,1.673,0.3948110547095319,50.19,59.19,2.0,0,1
183,18.53,Rainy,Low,Afternoon,Scooter,8,8.0,57,1.0,18.53,148.24,148.24,2.058888888888889,0.40962621607782895,55.59,63.59,2.0,0,1
369,4.32,Clear,Low,Morning,Bike,21,9.0,34,1.0,4.32,90.72,38.88,0.19636363636363638,1.6917293233082706,12.96,33.96,1.0,0,0
882,13.6,Foggy,High,Evening,Bike,9,7.0,61,3.0,40.8,122.39999999999999,95.2,1.3599999999999999,0.4794520547945206,40.8,49.8,3.0,1,1
616,18.46,Rainy,Low,Morning,Bike,19,9.0,94,1.0,18.46,350.74,166.14000000000001,0.923,0.4624871531346351,55.38,74.38,1.0,0,1
224,7.67,Windy,Low,Morning,Car,9,2.0,31,1.0,7.67,69.03,15.34,0.767,0.2306805074971165,23.01,32.010000000000005,1.0,0,1
573,8.23,Snowy,Low,Evening,Bike,17,3.0,56,1.0,8.23,139.91,24.69,0.45722222222222225,0.32502708559046584,24.69,41.69,3.0,1,1
971,13.44,Clear,Low,Night,Bike,29,0.0,63,1.0,13.44,389.76,0.0,0.448,0.0,40.31999999999999,69.32,4.0,0,0
654,15.04,Clear,Low,Morning,Car,24,5.0,60,1.0,15.04,360.96,75.19999999999999,0.6015999999999999,0.3117206982543641,45.12,69.12,1.0,0,0
546,7.48,Clear,Medium,Morning,Car,21,4.0,52,2.0,14.96,157.08,29.92,0.34,0.4716981132075471,22.44,43.44,1.0,0,0
583,10.11,Rainy,,Afternoon,Scooter,23,2.0,63,,,232.52999999999997,20.22,0.42124999999999996,0.18001800180018002,30.33,53.33,2.0,0,1
634,10.88,Snowy,Low,Afternoon,Car,13,3.0,52,1.0,10.88,141.44,32.64,0.7771428571428572,0.2525252525252525,32.64,45.64,2.0,0,1
177,13.97,Snowy,Low,Evening,Scooter,14,8.0,52,1.0,13.97,195.58,111.76,0.9313333333333333,0.5344021376085504,41.910000000000004,55.910000000000004,3.0,1,1
666,3.48,Foggy,Low,Afternoon,Scooter,9,1.0,31,1.0,3.48,31.32,3.48,0.348,0.2232142857142857,10.44,19.439999999999998,2.0,0,1
674,10.73,Foggy,Low,Morning,Bike,6,6.0,35,1.0,10.73,64.38,64.38,1.532857142857143,0.5115089514066496,32.19,38.19,1.0,0,1
586,5.18,Clear,Medium,Afternoon,Car,9,2.0,30,2.0,10.36,46.62,10.36,0.518,0.3236245954692557,15.540000000000001,24.54,2.0,0,0
874,8.47,Foggy,Medium,Evening,Bike,24,0.0,68,2.0,16.94,203.28000000000003,0.0,0.33880000000000005,0.0,25.410000000000004,49.410000000000004,3.0,1,1
394,15.64,Rainy,Low,,Bike,20,4.0,141,1.0,15.64,312.8,62.56,0.7447619047619047,0.24038461538461536,46.92,66.92,,0,1
164,10.95,Snowy,,Afternoon,Bike,9,1.0,65,,,98.55,10.95,1.095,0.08368200836820085,32.85,41.85,2.0,0,1
249,19.29,Windy,Medium,Evening,Scooter,7,8.0,84,2.0,38.58,135.03,154.32,2.41125,0.39428289797930016,57.87,64.87,3.0,1,1
635,2.59,Windy,Medium,,Bike,13,5.0,28,2.0,5.18,33.67,12.95,0.185,1.392757660167131,7.7700000000000005,20.77,,0,1
886,3.98,Clear,High,Night,Car,19,3.0,41,3.0,11.94,75.62,11.94,0.199,0.6024096385542168,11.940000000000001,30.94,4.0,0,0
670,6.06,Foggy,Low,Afternoon,Scooter,10,8.0,41,1.0,6.06,60.599999999999994,48.48,0.5509090909090909,1.13314447592068,18.18,28.18,2.0,0,1
376,6.72,Foggy,Low,Evening,Bike,8,5.0,31,1.0,6.72,53.76,33.6,0.7466666666666666,0.6476683937823834,20.159999999999997,28.159999999999997,3.0,1,1
413,19.04,Clear,Medium,Morning,Scooter,27,2.0,85,2.0,38.08,514.0799999999999,38.08,0.6799999999999999,0.0998003992015968,57.12,84.12,1.0,0,0
75,14.28,Windy,High,Afternoon,Scooter,23,5.0,77,3.0,42.839999999999996,328.44,71.39999999999999,0.595,0.3272251308900524,42.839999999999996,65.84,2.0,0,1
114,16.26,Rainy,High,Morning,Bike,16,6.0,70,3.0,48.78,260.16,97.56,0.9564705882352942,0.34762456546929316,48.78,64.78,1.0,0,1
599,4.25,Clear,Low,Afternoon,Bike,5,4.0,22,1.0,4.25,21.25,17.0,0.7083333333333334,0.7619047619047619,12.75,17.75,2.0,0,0
962,12.26,Clear,Low,Afternoon,Bike,20,2.0,66,1.0,12.26,245.2,24.52,0.5838095238095238,0.15082956259426847,36.78,56.78,2.0,0,0
391,19.81,Clear,Low,Afternoon,Bike,27,1.0,74,1.0,19.81,534.87,19.81,0.7074999999999999,0.04805382027871216,59.42999999999999,86.42999999999999,2.0,0,0
105,18.2,Windy,Medium,Morning,Bike,27,1.0,108,2.0,36.4,491.4,18.2,0.65,0.052083333333333336,54.599999999999994,81.6,1.0,0,1
115,12.85,Rainy,Medium,Morning,Scooter,14,8.0,73,2.0,25.7,179.9,102.8,0.8566666666666667,0.5776173285198556,38.55,52.55,1.0,0,1
418,6.91,Clear,Low,Evening,Bike,27,8.0,91,1.0,6.91,186.57,55.28,0.2467857142857143,1.011378002528445,20.73,47.730000000000004,3.0,1,0
526,9.64,Clear,Low,Morning,Bike,10,5.0,46,1.0,9.64,96.4,48.2,0.8763636363636365,0.4699248120300752,28.92,38.92,1.0,0,0
458,9.64,Rainy,Medium,Evening,Bike,14,6.0,52,2.0,19.28,134.96,57.84,0.6426666666666667,0.5639097744360902,28.92,42.92,3.0,1,1
410,2.28,Foggy,Medium,Morning,Scooter,27,6.0,44,2.0,4.56,61.559999999999995,13.68,0.08142857142857142,1.829268292682927,6.84,33.84,1.0,0,1
93,15.34,Rainy,Low,Afternoon,Bike,18,6.0,54,1.0,15.34,276.12,92.03999999999999,0.8073684210526316,0.36719706242350064,46.02,64.02000000000001,2.0,0,1
931,3.22,Rainy,Medium,Night,Bike,14,8.0,34,2.0,6.44,45.080000000000005,25.76,0.21466666666666667,1.895734597156398,9.66,23.66,4.0,0,1
90,9.71,Clear,Low,Morning,Bike,8,1.0,49,1.0,9.71,77.68,9.71,1.078888888888889,0.09337068160597571,29.130000000000003,37.13,1.0,0,0
337,17.18,Clear,Medium,Night,Scooter,13,1.0,62,2.0,34.36,223.34,17.18,1.227142857142857,0.05500550055005501,51.54,64.53999999999999,4.0,0,0
989,5.3,Clear,Medium,Afternoon,Scooter,29,3.0,47,2.0,10.6,153.7,15.899999999999999,0.17666666666666667,0.4761904761904762,15.9,44.9,2.0,0,0
922,10.0,Clear,Medium,Afternoon,Scooter,6,9.0,47,2.0,20.0,60.0,90.0,1.4285714285714286,0.8181818181818182,30.0,36.0,2.0,0,0
934,10.75,Rainy,Medium,Morning,Bike,8,6.0,60,2.0,21.5,86.0,64.5,1.1944444444444444,0.5106382978723404,32.25,40.25,1.0,0,1
606,9.49,Rainy,Medium,Morning,Car,23,6.0,53,2.0,18.98,218.27,56.94,0.3954166666666667,0.5719733079122974,28.470000000000002,51.47,1.0,0,1
594,7.24,Clear,Medium,Afternoon,Bike,28,7.0,57,2.0,14.48,202.72,50.68,0.24965517241379312,0.8495145631067961,21.72,49.72,2.0,0,0
612,16.09,Rainy,Low,Morning,Bike,21,8.0,66,1.0,16.09,337.89,128.72,0.7313636363636363,0.4681100058513751,48.269999999999996,69.27,1.0,0,1
95,15.53,Clear,Low,Morning,Bike,26,6.0,83,1.0,15.53,403.78,93.17999999999999,0.5751851851851851,0.36297640653357527,46.589999999999996,72.59,1.0,0,0
12,19.41,Windy,Low,Morning,Bike,11,8.0,62,1.0,19.41,213.51,155.28,1.6175,0.39196472317491426,58.230000000000004,69.23,1.0,0,1
397,17.24,Clear,Low,Evening,Bike,17,5.0,69,1.0,17.24,293.08,86.19999999999999,0.9577777777777777,0.2741228070175439,51.71999999999999,68.72,3.0,1,0
534,11.33,,Low,Morning,Bike,25,3.0,60,1.0,11.33,283.25,33.99,0.4357692307692308,0.24330900243309003,33.99,58.99,1.0,0,0
44,18.23,Rainy,Low,Afternoon,Scooter,27,9.0,86,1.0,18.23,492.21000000000004,164.07,0.6510714285714286,0.46801872074882994,54.69,81.69,2.0,0,1
43,1.17,Clear,Medium,Morning,Bike,16,9.0,25,2.0,2.34,18.72,10.53,0.0688235294117647,4.147465437788019,3.51,19.509999999999998,1.0,0,0
330,5.33,Clear,Low,Evening,Car,29,1.0,51,1.0,5.33,154.57,5.33,0.17766666666666667,0.1579778830963665,15.99,44.99,3.0,1,0
168,4.14,Rainy,Low,Morning,Bike,23,2.0,41,1.0,4.14,95.22,8.28,0.1725,0.38910505836575876,12.42,35.42,1.0,0,1
498,2.02,Clear,High,Evening,Bike,28,5.0,44,3.0,6.0600000000000005,56.56,10.1,0.0696551724137931,1.6556291390728477,6.0600000000000005,34.06,3.0,1,0
877,14.46,Rainy,Medium,Morning,Scooter,11,9.0,68,2.0,28.92,159.06,130.14000000000001,1.205,0.5821474773609314,43.38,54.38,1.0,0,1
598,3.86,Clear,Medium,Afternoon,Bike,21,8.0,34,2.0,7.72,81.06,30.88,0.17545454545454545,1.6460905349794241,11.58,32.58,2.0,0,0
757,12.59,Windy,Medium,Morning,Bike,13,9.0,62,2.0,25.18,163.67,113.31,0.8992857142857142,0.6622516556291391,37.769999999999996,50.769999999999996,1.0,0,1
101,1.11,Clear,High,Morning,Scooter,22,8.0,35,3.0,3.33,24.42,8.88,0.0482608695652174,3.791469194312796,3.3300000000000005,25.330000000000002,1.0,0,0
427,9.11,Clear,Low,Afternoon,Bike,19,6.0,42,1.0,9.11,173.08999999999997,54.66,0.45549999999999996,0.5934718100890208,27.33,46.33,2.0,0,0
179,18.77,Snowy,Medium,Evening,Bike,24,0.0,115,2.0,37.54,450.48,0.0,0.7508,0.0,56.31,80.31,3.0,1,1
445,16.35,Foggy,Medium,Night,Bike,16,6.0,67,2.0,32.7,261.6,98.10000000000001,0.9617647058823531,0.34582132564841495,49.050000000000004,65.05000000000001,4.0,0,1
417,6.22,Clear,Low,Afternoon,Bike,16,9.0,29,1.0,6.22,99.52,55.98,0.36588235294117644,1.2465373961218837,18.66,34.66,2.0,0,0
871,7.78,Foggy,High,Afternoon,Bike,25,3.0,74,3.0,23.34,194.5,23.34,0.29923076923076924,0.3416856492027334,23.34,48.34,2.0,0,1
883,0.88,Rainy,Low,Night,Car,27,2.0,37,1.0,0.88,23.76,1.76,0.03142857142857143,1.0638297872340425,2.6399999999999997,29.64,4.0,0,1
681,16.43,Clear,Low,Evening,Bike,13,5.0,56,1.0,16.43,213.59,82.15,1.1735714285714285,0.2868617326448652,49.29,62.29,3.0,1,0
178,8.04,Clear,Medium,Evening,Car,27,0.0,65,2.0,16.08,217.07999999999998,0.0,0.2871428571428571,0.0,24.119999999999997,51.12,3.0,1,0
396,18.65,Foggy,Low,Night,Car,19,2.0,68,1.0,18.65,354.34999999999997,37.3,0.9324999999999999,0.10178117048346057,55.949999999999996,74.94999999999999,4.0,0,1
912,5.73,Foggy,Low,Morning,Scooter,7,2.0,30,1.0,5.73,40.11,11.46,0.71625,0.2971768202080238,17.19,24.19,1.0,0,1
794,12.42,Rainy,Low,Evening,Bike,28,9.0,79,1.0,12.42,347.76,111.78,0.4282758620689655,0.6706408345752608,37.26,65.25999999999999,3.0,1,1
961,2.11,Clear,Low,Afternoon,Scooter,28,5.0,34,1.0,2.11,59.08,10.549999999999999,0.07275862068965516,1.6077170418006432,6.33,34.33,2.0,0,0
685,18.62,Clear,Low,Evening,Scooter,27,6.0,75,1.0,18.62,502.74,111.72,0.665,0.3058103975535168,55.86,82.86,3.0,1,0
384,17.61,Clear,Medium,Morning,Scooter,19,3.0,80,2.0,35.22,334.59,52.83,0.8805,0.16120365394948952,52.83,71.83,1.0,0,0
957,10.62,Rainy,Medium,Night,Bike,7,2.0,48,2.0,21.24,74.33999999999999,21.24,1.3275,0.17211703958691912,31.859999999999996,38.86,4.0,0,1
752,18.83,,Medium,Night,Bike,8,0.0,68,2.0,37.66,150.64,0.0,2.092222222222222,0.0,56.489999999999995,64.49,4.0,0,0
258,14.07,Clear,Medium,Morning,Bike,16,9.0,73,2.0,28.14,225.12,126.63,0.8276470588235294,0.59721300597213,42.21,58.21,1.0,0,0
539,9.29,Clear,Medium,Evening,Bike,10,9.0,40,2.0,18.58,92.89999999999999,83.60999999999999,0.8445454545454545,0.8746355685131196,27.869999999999997,37.87,3.0,1,0
336,1.29,Rainy,Low,Evening,Bike,7,7.0,15,1.0,1.29,9.030000000000001,9.030000000000001,0.16125,3.056768558951965,3.87,10.870000000000001,3.0,1,1
16,4.08,Windy,Medium,Afternoon,Bike,7,0.0,33,2.0,8.16,28.560000000000002,0.0,0.51,0.0,12.24,19.240000000000002,2.0,0,1
325,19.12,Windy,High,Evening,Car,8,0.0,92,3.0,57.36,152.96,0.0,2.1244444444444444,0.0,57.36000000000001,65.36000000000001,3.0,1,1
759,17.93,Clear,Medium,Afternoon,Bike,29,4.0,85,2.0,35.86,519.97,71.72,0.5976666666666667,0.21130480718436345,53.79,82.78999999999999,2.0,0,0
223,2.33,,Low,Morning,Car,6,1.0,17,1.0,2.33,13.98,2.33,0.33285714285714285,0.3003003003003003,6.99,12.99,1.0,0,0
180,3.18,Rainy,Medium,Evening,Bike,21,3.0,42,2.0,6.36,66.78,9.540000000000001,0.14454545454545456,0.7177033492822967,9.540000000000001,30.54,3.0,1,1
984,1.97,Clear,High,Morning,Car,28,7.0,43,3.0,5.91,55.16,13.79,0.06793103448275863,2.3569023569023573,5.91,33.91,1.0,0,0
23,6.2,Windy,High,Evening,Scooter,7,3.0,42,3.0,18.6,43.4,18.6,0.775,0.41666666666666663,18.6,25.6,3.0,1,1
357,1.02,Windy,High,Evening,Bike,6,8.0,21,3.0,3.06,6.12,8.16,0.1457142857142857,3.9603960396039604,3.06,9.06,3.0,1,1
667,5.3,Clear,Low,Evening,Bike,16,5.0,32,1.0,5.3,84.8,26.5,0.31176470588235294,0.7936507936507937,15.9,31.9,3.0,1,0
862,9.34,Rainy,Low,Evening,Car,10,0.0,40,1.0,9.34,93.4,0.0,0.8490909090909091,0.0,28.02,38.019999999999996,3.0,1,1
341,10.09,Clear,Medium,Evening,Bike,7,0.0,49,2.0,20.18,70.63,0.0,1.26125,0.0,30.269999999999996,37.269999999999996,3.0,1,0
432,15.35,Rainy,High,Night,Scooter,23,9.0,80,3.0,46.05,353.05,138.15,0.6395833333333333,0.5504587155963302,46.05,69.05,4.0,0,1
552,17.12,Rainy,Low,Morning,Bike,26,3.0,86,1.0,17.12,445.12,51.36,0.6340740740740741,0.16556291390728475,51.36000000000001,77.36000000000001,1.0,0,1
834,3.94,Snowy,Low,Afternoon,Bike,19,3.0,43,1.0,3.94,74.86,11.82,0.197,0.6072874493927126,11.82,30.82,2.0,0,1
204,18.02,Clear,,Evening,Car,12,3.0,77,,,216.24,54.06,1.386153846153846,0.15772870662460567,54.06,66.06,3.0,1,0
631,14.41,Snowy,Medium,Evening,Bike,8,8.0,75,2.0,28.82,115.28,115.28,1.6011111111111112,0.5191434133679429,43.230000000000004,51.230000000000004,3.0,1,1
94,11.44,Rainy,Medium,Evening,Car,20,2.0,57,2.0,22.88,228.79999999999998,22.88,0.5447619047619048,0.1607717041800643,34.32,54.32,3.0,1,1
559,15.23,Foggy,Low,Morning,Car,6,0.0,52,1.0,15.23,91.38,0.0,2.1757142857142857,0.0,45.690000000000005,51.690000000000005,1.0,0,1
69,1.95,Clear,Low,Morning,Scooter,16,2.0,23,1.0,1.95,31.2,3.9,0.11470588235294117,0.6779661016949152,5.8500000000000005,21.85,1.0,0,0
623,7.72,Rainy,Medium,Morning,Bike,11,,36,2.0,15.44,84.92,,0.6433333333333333,,23.16,34.16,1.0,0,1
285,11.78,Clear,Low,Afternoon,Scooter,26,3.0,71,1.0,11.78,306.28,35.339999999999996,0.4362962962962963,0.2347417840375587,35.339999999999996,61.339999999999996,2.0,0,0
845,3.4,Windy,Medium,Morning,Bike,11,6.0,30,2.0,6.8,37.4,20.4,0.2833333333333333,1.3636363636363635,10.2,21.2,1.0,0,1
435,2.14,Clear,High,Evening,Bike,18,3.0,34,3.0,6.42,38.52,6.42,0.11263157894736843,0.9554140127388535,6.420000000000001,24.42,3.0,1,0
154,10.04,Rainy,High,Afternoon,Bike,12,9.0,59,3.0,30.119999999999997,120.47999999999999,90.35999999999999,0.7723076923076923,0.8152173913043479,30.12,42.120000000000005,2.0,0,1
76,14.72,Clear,,Evening,Scooter,15,8.0,80,,,220.8,117.76,0.92,0.5089058524173028,44.16,59.16,3.0,1,0
731,3.7,Clear,Medium,Morning,Bike,28,7.0,45,2.0,7.4,103.60000000000001,25.900000000000002,0.12758620689655173,1.4893617021276595,11.1,39.1,1.0,0,0
447,19.73,Rainy,Low,Evening,Bike,8,8.0,64,1.0,19.73,157.84,157.84,2.192222222222222,0.38591413410516157,59.190000000000005,67.19,3.0,1,1
189,10.83,Clear,Medium,Evening,Scooter,8,9.0,51,2.0,21.66,86.64,97.47,1.2033333333333334,0.760777683854607,32.49,40.49,3.0,1,0
272,16.3,Foggy,Low,Morning,Car,12,1.0,100,1.0,16.3,195.60000000000002,16.3,1.2538461538461538,0.057803468208092484,48.900000000000006,60.900000000000006,1.0,0,1
237,5.98,Foggy,High,Morning,Bike,14,6.0,44,3.0,17.94,83.72,35.88,0.39866666666666667,0.8595988538681948,17.94,31.94,1.0,0,1
488,5.98,Rainy,High,Morning,Bike,21,2.0,60,3.0,17.94,125.58000000000001,11.96,0.27181818181818185,0.28653295128939826,17.94,38.94,1.0,0,1
118,4.14,Foggy,Medium,Morning,Bike,21,0.0,46,2.0,8.28,86.94,0.0,0.18818181818181817,0.0,12.42,33.42,1.0,0,1
944,16.68,,Medium,Afternoon,Bike,9,9.0,63,2.0,33.36,150.12,150.12,1.668,0.5090497737556561,50.04,59.04,2.0,0,0
513,18.69,Windy,Medium,Night,Bike,23,9.0,74,2.0,37.38,429.87,168.21,0.77875,0.457084814626714,56.07000000000001,79.07000000000001,4.0,0,1
826,18.44,Rainy,High,Morning,Bike,27,7.0,80,3.0,55.32000000000001,497.88000000000005,129.08,0.6585714285714286,0.36008230452674894,55.32,82.32,1.0,0,1
592,13.0,Windy,High,Morning,Bike,22,8.0,65,3.0,39.0,286.0,104.0,0.5652173913043478,0.5714285714285714,39.0,61.0,1.0,0,1
127,16.45,,Medium,Evening,Scooter,25,3.0,87,2.0,32.9,411.25,49.349999999999994,0.6326923076923077,0.17191977077363899,49.35,74.35,3.0,1,0
117,16.17,Clear,Medium,Evening,Car,10,2.0,116,2.0,32.34,161.70000000000002,32.34,1.4700000000000002,0.11648223645894,48.510000000000005,58.510000000000005,3.0,1,0
474,17.88,Clear,Medium,Evening,Bike,29,3.0,98,2.0,35.76,518.52,53.64,0.596,0.15889830508474578,53.63999999999999,82.63999999999999,3.0,1,0
694,5.23,Clear,Medium,Morning,Scooter,19,4.0,37,2.0,10.46,99.37,20.92,0.2615,0.6420545746388443,15.690000000000001,34.69,1.0,0,0
58,4.32,,Medium,Morning,Bike,17,4.0,36,2.0,8.64,73.44,17.28,0.24000000000000002,0.7518796992481203,12.96,29.96,1.0,0,0
864,9.09,Rainy,Medium,Morning,Bike,6,7.0,43,2.0,18.18,54.54,63.629999999999995,1.2985714285714285,0.6937561942517344,27.27,33.269999999999996,1.0,0,1
913,12.67,Windy,Medium,Morning,Scooter,7,3.0,43,2.0,25.34,88.69,38.01,1.58375,0.2194586686174104,38.01,45.01,1.0,0,1
370,1.85,Clear,Medium,Evening,Bike,10,1.0,24,2.0,3.7,18.5,1.85,0.16818181818181818,0.3508771929824561,5.55,15.55,3.0,1,0
269,7.51,Rainy,Low,Evening,Car,27,6.0,50,1.0,7.51,202.76999999999998,45.06,0.2682142857142857,0.7050528789659225,22.53,49.53,3.0,1,1
47,6.58,Clear,Low,Afternoon,Bike,13,1.0,34,1.0,6.58,85.54,6.58,0.47000000000000003,0.13192612137203166,19.740000000000002,32.74,2.0,0,0
350,12.7,Clear,Low,Morning,Scooter,22,2.0,57,1.0,12.7,279.4,25.4,0.5521739130434782,0.14598540145985403,38.1,60.1,1.0,0,0
196,7.31,Foggy,Medium,Afternoon,Bike,26,2.0,65,2.0,14.62,190.06,14.62,0.2707407407407407,0.2406738868832732,21.93,47.93,2.0,0,1
1000,9.2,Clear,High,Morning,Scooter,9,9.0,48,3.0,27.599999999999998,82.8,82.8,0.9199999999999999,0.8823529411764707,27.599999999999998,36.599999999999994,1.0,0,0
835,10.22,Foggy,Low,Afternoon,Scooter,21,0.0,61,1.0,10.22,214.62,0.0,0.4645454545454546,0.0,30.66,51.66,2.0,0,1
737,8.15,Clear,High,Evening,Scooter,12,9.0,43,3.0,24.450000000000003,97.80000000000001,73.35000000000001,0.6269230769230769,0.9836065573770492,24.450000000000003,36.45,3.0,1,0
264,10.61,Clear,Medium,Morning,Bike,17,0.0,59,2.0,21.22,180.37,0.0,0.5894444444444444,0.0,31.83,48.83,1.0,0,0
444,7.73,Clear,High,Night,Bike,29,5.0,58,3.0,23.19,224.17000000000002,38.650000000000006,0.25766666666666665,0.572737686139748,23.19,52.19,4.0,0,0
676,19.66,Clear,Low,Morning,Car,19,6.0,70,1.0,19.66,373.54,117.96000000000001,0.983,0.2904162633107454,58.98,77.97999999999999,1.0,0,0
305,14.66,Snowy,High,Morning,Car,5,6.0,71,3.0,43.980000000000004,73.3,87.96000000000001,2.4433333333333334,0.3831417624521073,43.98,48.98,1.0,0,1
342,9.73,Clear,Low,Afternoon,Bike,29,6.0,60,1.0,9.73,282.17,58.38,0.32433333333333336,0.5591798695246971,29.19,58.19,2.0,0,0
967,14.52,Clear,Medium,Afternoon,Car,26,5.0,86,2.0,29.04,377.52,72.6,0.5377777777777778,0.32216494845360827,43.56,69.56,2.0,0,0
150,5.93,Foggy,High,,Scooter,27,1.0,106,3.0,17.79,160.10999999999999,5.93,0.21178571428571427,0.14430014430014432,17.79,44.79,,0,1
125,4.94,Rainy,High,Evening,Scooter,28,4.0,63,3.0,14.82,138.32000000000002,19.76,0.17034482758620692,0.6734006734006733,14.820000000000002,42.82,3.0,1,1
787,11.88,Rainy,High,Afternoon,Car,29,9.0,78,3.0,35.64,344.52000000000004,106.92,0.396,0.6987577639751552,35.64000000000001,64.64000000000001,2.0,0,1
51,19.41,Foggy,Medium,Morning,Car,7,6.0,66,2.0,38.82,135.87,116.46000000000001,2.42625,0.29397354238118567,58.230000000000004,65.23,1.0,0,1
354,3.68,,High,Afternoon,Car,16,6.0,47,3.0,11.040000000000001,58.88,22.080000000000002,0.21647058823529414,1.2820512820512822,11.04,27.04,2.0,0,0
928,11.06,Clear,High,Evening,Bike,6,9.0,53,3.0,33.18,66.36,99.54,1.58,0.7462686567164178,33.18,39.18,3.0,1,0
143,10.2,Rainy,Medium,Afternoon,Bike,18,9.0,56,2.0,20.4,183.6,91.8,0.5368421052631579,0.8035714285714286,30.6,48.6,2.0,0,1
471,0.74,Rainy,Low,Morning,Car,13,4.0,21,1.0,0.74,9.62,2.96,0.05285714285714286,2.2988505747126435,2.2199999999999998,15.219999999999999,1.0,0,1
400,15.21,Snowy,Medium,Afternoon,Bike,20,9.0,90,2.0,30.42,304.20000000000005,136.89000000000001,0.7242857142857143,0.5552128315854411,45.63,65.63,2.0,0,1
626,7.69,Rainy,High,Morning,Scooter,16,3.0,58,3.0,23.07,123.04,23.07,0.4523529411764706,0.3452243958573072,23.07,39.07,1.0,0,1
321,11.21,Clear,High,Afternoon,Scooter,23,1.0,76,3.0,33.63,257.83000000000004,11.21,0.46708333333333335,0.0819000819000819,33.63,56.63,2.0,0,0
20,6.18,Clear,Medium,Evening,Bike,9,9.0,35,2.0,12.36,55.62,55.62,0.618,1.2534818941504178,18.54,27.54,3.0,1,0
810,2.71,Clear,Medium,Morning,Car,6,5.0,19,2.0,5.42,16.259999999999998,13.55,0.3871428571428571,1.3477088948787062,8.13,14.13,1.0,0,0
791,3.49,Clear,Medium,Morning,Bike,17,2.0,38,2.0,6.98,59.330000000000005,6.98,0.1938888888888889,0.4454342984409799,10.47,27.47,1.0,0,0
809,9.29,Clear,Medium,Morning,Bike,17,2.0,49,2.0,18.58,157.92999999999998,18.58,0.5161111111111111,0.19436345966958213,27.869999999999997,44.87,1.0,0,0
408,0.71,Foggy,Low,Night,Bike,29,1.0,41,1.0,0.71,20.59,0.71,0.023666666666666666,0.5847953216374269,2.13,31.13,4.0,0,1
538,5.32,Rainy,Low,Afternoon,Scooter,27,2.0,48,1.0,5.32,143.64000000000001,10.64,0.19,0.3164556962025316,15.96,42.96,2.0,0,1
621,4.1,Clear,Medium,Evening,Car,18,3.0,38,2.0,8.2,73.8,12.299999999999999,0.2157894736842105,0.5882352941176471,12.299999999999999,30.299999999999997,3.0,1,0
39,13.84,Clear,Low,Morning,Scooter,18,,64,1.0,13.84,249.12,,0.728421052631579,,41.519999999999996,59.519999999999996,1.0,0,0
176,3.9,Rainy,High,Morning,Car,25,9.0,54,3.0,11.7,97.5,35.1,0.15,1.8367346938775508,11.700000000000001,36.7,1.0,0,1
246,18.6,Rainy,Medium,Morning,Car,28,9.0,77,2.0,37.2,520.8000000000001,167.4,0.6413793103448276,0.4591836734693877,55.800000000000004,83.80000000000001,1.0,0,1
829,14.88,Snowy,Medium,Evening,Bike,10,0.0,64,2.0,29.76,148.8,0.0,1.3527272727272728,0.0,44.64,54.64,3.0,1,1
668,3.63,Windy,Medium,Morning,Car,22,9.0,39,2.0,7.26,79.86,32.67,0.15782608695652173,1.9438444924406049,10.89,32.89,1.0,0,1
755,3.22,Windy,High,Morning,Car,7,7.0,27,3.0,9.66,22.540000000000003,22.540000000000003,0.4025,1.6587677725118481,9.66,16.66,1.0,0,1
859,11.51,Foggy,Low,Afternoon,Car,5,7.0,57,1.0,11.51,57.55,80.57,1.9183333333333332,0.5595523581135092,34.53,39.53,2.0,0,1
155,19.72,Rainy,Low,Afternoon,Bike,27,6.0,109,1.0,19.72,532.4399999999999,118.32,0.7042857142857143,0.2895752895752896,59.16,86.16,2.0,0,1
288,11.08,Clear,Low,Evening,Scooter,28,2.0,58,1.0,11.08,310.24,22.16,0.3820689655172414,0.16556291390728478,33.24,61.24,3.0,1,0
603,3.95,Clear,Medium,Morning,Car,28,5.0,47,2.0,7.9,110.60000000000001,19.75,0.13620689655172413,1.0101010101010102,11.850000000000001,39.85,1.0,0,0
570,7.29,Clear,High,Evening,Car,11,7.0,48,3.0,21.87,80.19,51.03,0.6075,0.8443908323281062,21.87,32.870000000000005,3.0,1,0
744,10.3,Clear,Low,Morning,Car,12,7.0,41,1.0,10.3,123.60000000000001,72.10000000000001,0.7923076923076924,0.6194690265486725,30.900000000000002,42.900000000000006,1.0,0,0
18,10.73,Rainy,High,Afternoon,Car,27,6.0,83,3.0,32.19,289.71000000000004,64.38,0.38321428571428573,0.5115089514066496,32.19,59.19,2.0,0,1
128,17.28,Clear,Low,Morning,Car,28,3.0,72,1.0,17.28,483.84000000000003,51.84,0.5958620689655173,0.16411378555798686,51.84,79.84,1.0,0,0
323,13.37,Foggy,Medium,Evening,Scooter,16,9.0,71,2.0,26.74,213.92,120.33,0.786470588235294,0.6263048016701461,40.11,56.11,3.0,1,1
256,11.36,Clear,Medium,Morning,Scooter,8,2.0,52,2.0,22.72,90.88,22.72,1.2622222222222221,0.16181229773462785,34.08,42.08,1.0,0,0
658,7.58,Clear,High,Afternoon,Scooter,19,9.0,57,3.0,22.740000000000002,144.02,68.22,0.379,1.048951048951049,22.740000000000002,41.74,2.0,0,0
965,6.13,Rainy,High,,Bike,25,6.0,59,3.0,18.39,153.25,36.78,0.23576923076923076,0.8415147265077139,18.39,43.39,,0,1
191,2.32,Clear,Low,Afternoon,Scooter,23,1.0,32,1.0,2.32,53.36,2.32,0.09666666666666666,0.30120481927710846,6.959999999999999,29.96,2.0,0,0
116,17.49,Rainy,Low,Evening,Bike,27,9.0,97,1.0,17.49,472.22999999999996,157.41,0.624642857142857,0.48674959437533805,52.47,79.47,3.0,1,1
617,1.69,Windy,,Afternoon,Car,11,7.0,20,,,18.59,11.83,0.14083333333333334,2.6022304832713754,5.069999999999999,16.07,2.0,0,1
607,4.52,,Low,Evening,Car,17,0.0,71,1.0,4.52,76.83999999999999,0.0,0.25111111111111106,0.0,13.559999999999999,30.56,3.0,1,0
181,7.15,Windy,Low,Morning,Bike,15,3.0,42,1.0,7.15,107.25,21.450000000000003,0.446875,0.36809815950920244,21.450000000000003,36.45,1.0,0,1
302,10.86,Windy,Medium,,Car,10,4.0,60,2.0,21.72,108.6,43.44,0.9872727272727272,0.3372681281618887,32.58,42.58,,0,1
760,15.88,Rainy,Low,Evening,Car,17,1.0,68,1.0,15.88,269.96000000000004,15.88,0.8822222222222222,0.059241706161137435,47.64,64.64,3.0,1,1
713,9.7,Snowy,Low,Evening,Bike,6,,45,1.0,9.7,58.199999999999996,,1.3857142857142857,,29.099999999999998,35.099999999999994,3.0,1,1
724,14.95,Clear,Medium,Morning,Bike,13,7.0,49,2.0,29.9,194.35,104.64999999999999,1.0678571428571428,0.438871473354232,44.849999999999994,57.849999999999994,1.0,0,0
686,11.36,Foggy,Low,Afternoon,Bike,6,4.0,47,1.0,11.36,68.16,45.44,1.6228571428571428,0.3236245954692557,34.08,40.08,2.0,0,1
980,12.14,Foggy,High,Afternoon,Bike,12,0.0,65,3.0,36.42,145.68,0.0,0.9338461538461539,0.0,36.42,48.42,2.0,0,1
518,16.31,Foggy,Medium,Afternoon,Car,14,7.0,71,2.0,32.62,228.33999999999997,114.16999999999999,1.0873333333333333,0.40439052570768347,48.92999999999999,62.92999999999999,2.0,0,1
985,14.7,Clear,Medium,Evening,Scooter,24,5.0,75,2.0,29.4,352.79999999999995,73.5,0.588,0.3184713375796179,44.1,68.1,3.0,1,0
46,13.42,Rainy,Medium,Evening,Bike,6,6.0,105,2.0,26.84,80.52,80.52,1.917142857142857,0.4160887656033287,40.260000000000005,46.260000000000005,3.0,1,1
910,7.9,Clear,Low,Afternoon,Scooter,22,,48,1.0,7.9,173.8,,0.34347826086956523,,23.700000000000003,45.7,2.0,0,0
158,15.35,Foggy,Low,Morning,Car,5,3.0,56,1.0,15.35,76.75,46.05,2.558333333333333,0.18348623853211007,46.05,51.05,1.0,0,1
852,15.12,Foggy,Low,Morning,Bike,14,1.0,58,1.0,15.12,211.67999999999998,15.12,1.008,0.0620347394540943,45.36,59.36,1.0,0,1
172,0.82,Windy,Low,Morning,Car,18,9.0,23,1.0,0.82,14.76,7.38,0.0431578947368421,4.945054945054945,2.4599999999999995,20.46,1.0,0,1
17,6.43,Clear,Low,Evening,Car,9,7.0,26,1.0,6.43,57.87,45.01,0.643,0.9421265141318977,19.29,28.29,3.0,1,0
512,8.66,Snowy,High,Morning,Bike,29,3.0,77,3.0,25.98,251.14000000000001,25.98,0.2886666666666667,0.3105590062111801,25.98,54.980000000000004,1.0,0,1
49,11.16,Foggy,Medium,Afternoon,Car,21,4.0,77,2.0,22.32,234.36,44.64,0.5072727272727273,0.32894736842105265,33.480000000000004,54.480000000000004,2.0,0,1
972,18.77,Foggy,Low,Afternoon,Car,15,,71,1.0,18.77,281.55,,1.173125,,56.31,71.31,2.0,0,1
941,5.84,Clear,,Evening,Bike,21,7.0,35,,,122.64,40.879999999999995,0.26545454545454544,1.023391812865497,17.52,38.519999999999996,3.0,1,0
516,1.01,Clear,High,Night,Bike,17,7.0,29,3.0,3.0300000000000002,17.17,7.07,0.05611111111111111,3.4825870646766175,3.0300000000000002,20.03,4.0,0,0
953,3.92,Rainy,Medium,Night,Bike,20,9.0,41,2.0,7.84,78.4,35.28,0.18666666666666668,1.829268292682927,11.76,31.759999999999998,4.0,0,1
481,12.77,Foggy,Low,Morning,Bike,22,8.0,71,1.0,12.77,280.94,102.16,0.5552173913043478,0.5809731299927379,38.309999999999995,60.309999999999995,1.0,0,1
284,2.33,Clear,Low,Evening,Bike,9,2.0,18,1.0,2.33,20.97,4.66,0.233,0.6006006006006006,6.99,15.99,3.0,1,0
719,2.92,Windy,High,Afternoon,Bike,24,4.0,48,3.0,8.76,70.08,11.68,0.1168,1.0204081632653061,8.76,32.76,2.0,0,1
878,13.35,Rainy,Low,Evening,Scooter,14,4.0,91,1.0,13.35,186.9,53.4,0.89,0.2787456445993031,40.05,54.05,3.0,1,1
226,5.26,Rainy,Medium,Evening,Scooter,28,8.0,51,2.0,10.52,147.28,42.08,0.18137931034482757,1.2779552715654952,15.780000000000001,43.78,3.0,1,1
27,4.39,Foggy,Medium,Night,Bike,12,8.0,38,2.0,8.78,52.67999999999999,35.12,0.3376923076923077,1.4842300556586272,13.169999999999998,25.169999999999998,4.0,0,1
955,8.67,Windy,High,Morning,Bike,20,4.0,55,3.0,26.009999999999998,173.4,34.68,0.41285714285714287,0.4136504653567735,26.009999999999998,46.01,1.0,0,1
438,16.53,Snowy,Low,Afternoon,Scooter,24,9.0,99,1.0,16.53,396.72,148.77,0.6612,0.513405590416429,49.59,73.59,2.0,0,1
952,13.47,Clear,Medium,Evening,Bike,19,4.0,59,2.0,26.94,255.93,53.88,0.6735,0.27643400138217,40.41,59.41,3.0,1,0
365,18.86,Snowy,Medium,Night,Bike,18,1.0,89,2.0,37.72,339.48,18.86,0.9926315789473684,0.050352467270896276,56.58,74.58,4.0,0,1
230,12.81,Clear,Low,Morning,Bike,12,2.0,51,1.0,12.81,153.72,25.62,0.9853846153846154,0.1448225923244026,38.43000000000001,50.43000000000001,1.0,0,0
38,2.4,Snowy,Low,Night,Scooter,27,5.0,42,1.0,2.4,64.8,12.0,0.08571428571428572,1.4705882352941178,7.199999999999999,34.2,4.0,0,1
966,7.44,Rainy,Medium,Evening,Bike,6,1.0,39,2.0,14.88,44.64,7.44,1.062857142857143,0.11848341232227487,22.32,28.32,3.0,1,1
375,1.89,Clear,Medium,Evening,Scooter,13,7.0,22,2.0,3.78,24.57,13.229999999999999,0.13499999999999998,2.4221453287197234,5.67,18.67,3.0,1,0
470,19.28,Snowy,Medium,Morning,Car,21,3.0,101,2.0,38.56,404.88,57.84,0.8763636363636365,0.14792899408284022,57.84,78.84,1.0,0,1
968,6.29,,Medium,Morning,Scooter,10,7.0,27,2.0,12.58,62.9,44.03,0.5718181818181818,0.9602194787379973,18.87,28.87,1.0,0,0
851,1.81,Clear,Medium,Afternoon,Car,23,3.0,34,2.0,3.62,41.63,5.43,0.07541666666666667,1.0676156583629892,5.43,28.43,2.0,0,0
705,1.74,Clear,Medium,Night,Bike,23,2.0,34,2.0,3.48,40.02,3.48,0.0725,0.7299270072992701,5.22,28.22,4.0,0,0
842,13.44,Clear,Medium,Morning,Car,22,1.0,79,2.0,26.88,295.68,13.44,0.5843478260869565,0.06925207756232687,40.31999999999999,62.31999999999999,1.0,0,0
195,7.11,Clear,Low,Afternoon,Scooter,27,,48,1.0,7.11,191.97,,0.25392857142857145,,21.330000000000002,48.33,2.0,0,0
855,4.5,Windy,Low,Evening,Scooter,20,6.0,32,1.0,4.5,90.0,27.0,0.21428571428571427,1.0909090909090908,13.5,33.5,3.0,1,1
865,8.31,Windy,Medium,Morning,Bike,6,5.0,44,2.0,16.62,49.86,41.550000000000004,1.1871428571428573,0.5370569280343717,24.930000000000003,30.930000000000003,1.0,0,1
504,16.37,Clear,High,Morning,Bike,26,7.0,97,3.0,49.11,425.62,114.59,0.6062962962962963,0.4029936672423719,49.11,75.11,1.0,0,0
970,9.78,Clear,Medium,Afternoon,Bike,18,3.0,58,2.0,19.56,176.04,29.339999999999996,0.5147368421052632,0.2782931354359926,29.34,47.34,2.0,0,0
831,4.88,Windy,Medium,Afternoon,Scooter,26,7.0,48,2.0,9.76,126.88,34.16,0.18074074074074073,1.1904761904761905,14.64,40.64,2.0,0,1
580,5.54,Rainy,Medium,,Scooter,28,9.0,51,2.0,11.08,155.12,49.86,0.1910344827586207,1.3761467889908257,16.62,44.620000000000005,,0,1
969,11.54,Clear,High,Afternoon,Car,10,0.0,56,3.0,34.62,115.39999999999999,0.0,1.049090909090909,0.0,34.62,44.62,2.0,0,0
163,12.85,Clear,Low,Afternoon,Scooter,5,,54,1.0,12.85,64.25,,2.1416666666666666,,38.55,43.55,2.0,0,0
909,5.56,Clear,Low,Afternoon,Scooter,19,5.0,31,1.0,5.56,105.63999999999999,27.799999999999997,0.27799999999999997,0.7621951219512195,16.68,35.68,2.0,0,0
153,3.33,,Medium,Evening,Scooter,24,2.0,44,2.0,6.66,79.92,6.66,0.1332,0.4618937644341801,9.99,33.99,3.0,1,0
802,3.47,Snowy,High,Night,Bike,24,9.0,53,3.0,10.41,83.28,31.23,0.1388,2.013422818791946,10.41,34.41,4.0,0,1
994,12.01,Clear,Low,Morning,Scooter,26,6.0,57,1.0,12.01,312.26,72.06,0.44481481481481483,0.46118370484242893,36.03,62.03,1.0,0,0
756,15.98,Foggy,Low,Morning,Car,21,6.0,90,1.0,15.98,335.58,95.88,0.7263636363636364,0.35335689045936397,47.940000000000005,68.94,1.0,0,1
112,3.64,Clear,Low,Morning,Scooter,16,3.0,26,1.0,3.64,58.24,10.92,0.21411764705882352,0.6465517241379309,10.92,26.92,1.0,0,0
227,19.47,Clear,Low,Morning,Bike,16,8.0,83,1.0,19.47,311.52,155.76,1.1452941176470588,0.3908158280410357,58.41,74.41,1.0,0,0
689,15.51,Rainy,Medium,Morning,Scooter,10,8.0,81,2.0,31.02,155.1,124.08,1.41,0.4845548152634767,46.53,56.53,1.0,0,1
104,10.42,Windy,Medium,Afternoon,Bike,28,3.0,72,2.0,20.84,291.76,31.259999999999998,0.3593103448275862,0.2626970227670753,31.26,59.260000000000005,2.0,0,1
422,15.9,Rainy,Low,Evening,Car,19,5.0,78,1.0,15.9,302.1,79.5,0.795,0.2958579881656805,47.7,66.7,3.0,1,1
420,15.17,Windy,Low,Morning,Bike,25,4.0,77,1.0,15.17,379.25,60.68,0.5834615384615385,0.2473716759431045,45.51,70.50999999999999,1.0,0,1
751,2.78,Rainy,Low,,Bike,21,4.0,37,1.0,2.78,58.379999999999995,11.12,0.12636363636363634,1.0582010582010584,8.34,29.34,,0,1
587,1.98,Rainy,Low,Afternoon,Bike,22,0.0,39,1.0,1.98,43.56,0.0,0.08608695652173913,0.0,5.94,27.94,2.0,0,1
781,14.03,Clear,Low,Afternoon,Bike,17,2.0,65,1.0,14.03,238.51,28.06,0.7794444444444444,0.13306719893546243,42.09,59.09,2.0,0,0
673,2.06,Foggy,Medium,Evening,Scooter,22,4.0,40,2.0,4.12,45.32,8.24,0.08956521739130435,1.3071895424836601,6.180000000000001,28.18,3.0,1,1
120,11.02,Clear,High,Morning,Scooter,22,2.0,70,3.0,33.06,242.44,22.04,0.4791304347826087,0.1663893510815308,33.059999999999995,55.059999999999995,1.0,0,0
54,17.95,Snowy,High,Morning,Scooter,16,,96,3.0,53.849999999999994,287.2,,1.0558823529411765,,53.849999999999994,69.85,1.0,0,1
152,5.17,Foggy,Low,Morning,Bike,29,0.0,56,1.0,5.17,149.93,0.0,0.17233333333333334,0.0,15.51,44.51,1.0,0,1
404,16.62,Snowy,Low,Afternoon,Bike,26,8.0,94,1.0,16.62,432.12,132.96,0.6155555555555556,0.4540295119182747,49.86000000000001,75.86000000000001,2.0,0,1
946,0.71,Rainy,Low,Morning,Car,25,8.0,31,1.0,0.71,17.75,5.68,0.027307692307692307,4.678362573099415,2.13,27.13,1.0,0,1
208,13.44,Clear,,Evening,Scooter,9,5.0,55,,,120.96,67.2,1.3439999999999999,0.3462603878116344,40.31999999999999,49.31999999999999,3.0,1,0
659,13.1,Clear,Low,Evening,Bike,28,2.0,72,1.0,13.1,366.8,26.2,0.4517241379310345,0.14184397163120568,39.300000000000004,67.30000000000001,3.0,1,0
844,19.24,Rainy,High,Afternoon,Bike,9,7.0,75,3.0,57.72,173.16,134.67999999999998,1.924,0.3458498023715415,57.72,66.72,2.0,0,1
763,5.35,Clear,Medium,Afternoon,Scooter,24,6.0,43,2.0,10.7,128.39999999999998,32.099999999999994,0.214,0.9448818897637796,16.049999999999997,40.05,2.0,0,0
9,12.22,Clear,Low,Evening,Scooter,15,0.0,56,1.0,12.22,183.3,0.0,0.76375,0.0,36.66,51.66,3.0,1,0
808,18.55,Clear,Low,Afternoon,Car,11,9.0,69,1.0,18.55,204.05,166.95000000000002,1.5458333333333334,0.46035805626598464,55.65,66.65,2.0,0,0
37,6.44,Clear,Low,Afternoon,Car,18,2.0,43,1.0,6.44,115.92,12.88,0.33894736842105266,0.26881720430107525,19.32,37.32,2.0,0,0
453,8.77,Foggy,Medium,Evening,Car,14,7.0,49,2.0,17.54,122.78,61.39,0.5846666666666667,0.7164790174002047,26.31,40.31,3.0,1,1
652,10.97,Clear,Low,Afternoon,Scooter,27,3.0,51,1.0,10.97,296.19,32.910000000000004,0.3917857142857143,0.2506265664160401,32.91,59.91,2.0,0,0
254,6.68,Clear,High,Morning,Scooter,10,5.0,44,3.0,20.04,66.8,33.4,0.6072727272727273,0.6510416666666667,20.04,30.04,1.0,0,0
304,12.93,Rainy,Low,Afternoon,Scooter,25,0.0,61,1.0,12.93,323.25,0.0,0.4973076923076923,0.0,38.79,63.79,2.0,0,1
747,7.99,Clear,Medium,Evening,Bike,18,4.0,42,2.0,15.98,143.82,31.96,0.4205263157894737,0.44493882091212456,23.970000000000002,41.97,3.0,1,0
572,15.78,Clear,High,Afternoon,Scooter,12,1.0,68,3.0,47.339999999999996,189.35999999999999,15.78,1.2138461538461538,0.05959475566150178,47.339999999999996,59.339999999999996,2.0,0,0
624,9.95,Windy,High,Evening,Scooter,21,5.0,72,3.0,29.849999999999998,208.95,49.75,0.4522727272727272,0.4566210045662101,29.849999999999998,50.849999999999994,3.0,1,1
733,13.47,Rainy,Low,Afternoon,Scooter,7,6.0,46,1.0,13.47,94.29,80.82000000000001,1.68375,0.414651002073255,40.41,47.41,2.0,0,1
892,17.19,Clear,Medium,Afternoon,Bike,11,8.0,76,2.0,34.38,189.09,137.52,1.4325,0.439802089059923,51.57,62.57,2.0,0,0
263,3.23,Clear,High,Afternoon,Bike,17,9.0,33,3.0,9.69,54.91,29.07,0.17944444444444443,2.127659574468085,9.69,26.689999999999998,2.0,0,0
611,1.27,Foggy,High,Afternoon,Bike,25,9.0,46,3.0,3.81,31.75,11.43,0.048846153846153845,3.9647577092511015,3.81,28.81,2.0,0,1
298,4.71,Clear,Low,Morning,Bike,20,6.0,31,1.0,4.71,94.2,28.259999999999998,0.22428571428571428,1.0507880910683012,14.129999999999999,34.129999999999995,1.0,0,0
415,12.82,Rainy,Medium,Evening,Bike,28,9.0,72,2.0,25.64,358.96000000000004,115.38,0.4420689655172414,0.6512301013024602,38.46,66.46000000000001,3.0,1,1
151,18.21,,Low,Evening,Bike,6,3.0,74,1.0,18.21,109.26,54.63,2.6014285714285714,0.15616866215512754,54.63,60.63,3.0,1,0
789,9.51,Clear,High,Morning,Bike,26,9.0,63,3.0,28.53,247.26,85.59,0.3522222222222222,0.8563273073263559,28.529999999999998,54.53,1.0,0,0
641,0.89,Rainy,Low,Morning,Car,9,0.0,20,1.0,0.89,8.01,0.0,0.089,0.0,2.67,11.67,1.0,0,1
890,5.24,Windy,High,Afternoon,Scooter,26,8.0,51,3.0,15.72,136.24,41.92,0.1940740740740741,1.282051282051282,15.72,41.72,2.0,0,1
551,10.64,Windy,Low,Evening,Car,11,9.0,36,1.0,10.64,117.04,95.76,0.8866666666666667,0.7731958762886597,31.92,42.92,3.0,1,1
887,13.23,Clear,Medium,Night,Bike,20,8.0,70,2.0,26.46,264.6,105.84,0.63,0.5621925509486999,39.69,59.69,4.0,0,0
489,19.03,Clear,Medium,Morning,Scooter,8,8.0,65,2.0,38.06,152.24,152.24,2.1144444444444446,0.39940089865202194,57.09,65.09,1.0,0,0
148,10.3,Rainy,Low,Evening,Bike,29,0.0,73,1.0,10.3,298.70000000000005,0.0,0.3433333333333334,0.0,30.900000000000002,59.900000000000006,3.0,1,1
147,12.39,Snowy,Medium,Evening,Bike,14,8.0,56,2.0,24.78,173.46,99.12,0.8260000000000001,0.5974607916355489,37.17,51.17,3.0,1,1
721,18.8,Clear,High,Afternoon,Bike,23,7.0,95,3.0,56.400000000000006,432.40000000000003,131.6,0.7833333333333333,0.35353535353535354,56.400000000000006,79.4,2.0,0,0
932,16.78,Rainy,Medium,Morning,Bike,22,1.0,70,2.0,33.56,369.16,16.78,0.7295652173913044,0.056242969628796394,50.34,72.34,1.0,0,1
740,7.85,Clear,Low,Afternoon,Scooter,7,9.0,34,1.0,7.85,54.949999999999996,70.64999999999999,0.98125,1.0169491525423728,23.549999999999997,30.549999999999997,2.0,0,0
660,11.63,Clear,Medium,Night,Scooter,29,7.0,57,2.0,23.26,337.27000000000004,81.41000000000001,0.3876666666666667,0.5542359461599367,34.89,63.89,4.0,0,0
349,7.8,Windy,Medium,Afternoon,Car,17,6.0,44,2.0,15.6,132.6,46.8,0.43333333333333335,0.6818181818181818,23.400000000000002,40.400000000000006,2.0,0,1
464,11.88,Rainy,Medium,Afternoon,Bike,5,1.0,63,2.0,23.76,59.400000000000006,11.88,1.9800000000000002,0.07763975155279502,35.64000000000001,40.64000000000001,2.0,0,1
326,14.89,Clear,High,Evening,Car,22,9.0,88,3.0,44.67,327.58000000000004,134.01,0.6473913043478261,0.5663939584644431,44.67,66.67,3.0,1,0
187,16.44,Rainy,High,Afternoon,Bike,12,,86,3.0,49.32000000000001,197.28000000000003,,1.2646153846153847,,49.32000000000001,61.32000000000001,2.0,0,1
124,2.65,,Medium,Afternoon,Car,14,4.0,35,2.0,5.3,37.1,10.6,0.17666666666666667,1.095890410958904,7.95,21.95,2.0,0,0
854,18.01,Foggy,High,Night,Bike,14,2.0,71,3.0,54.03,252.14000000000001,36.02,1.2006666666666668,0.10520778537611783,54.03,68.03,4.0,0,1
609,10.32,Clear,Medium,Night,Car,24,5.0,49,2.0,20.64,247.68,51.6,0.4128,0.4416961130742049,30.96,54.96,4.0,0,0
144,6.37,Rainy,Low,Afternoon,Car,29,4.0,56,1.0,6.37,184.73,25.48,0.21233333333333335,0.5427408412483039,19.11,48.11,2.0,0,1
959,3.74,Rainy,Low,Morning,Bike,19,6.0,36,1.0,3.74,71.06,22.44,0.187,1.2658227848101264,11.22,30.22,1.0,0,1
198,17.99,Windy,High,Evening,Bike,5,1.0,73,3.0,53.97,89.94999999999999,17.99,2.998333333333333,0.05265929436545551,53.97,58.97,3.0,1,1
610,13.96,Rainy,Low,Night,Bike,5,1.0,42,1.0,13.96,69.80000000000001,13.96,2.3266666666666667,0.06684491978609625,41.88,46.88,4.0,0,1
280,16.02,Clear,Low,Evening,Bike,20,7.0,61,1.0,16.02,320.4,112.14,0.7628571428571428,0.4112808460634548,48.059999999999995,68.06,3.0,1,0
294,7.52,,Medium,Afternoon,Car,17,9.0,44,2.0,15.04,127.83999999999999,67.67999999999999,0.41777777777777775,1.0563380281690142,22.56,39.56,2.0,0,0
401,2.51,Clear,Low,Morning,Bike,16,2.0,28,1.0,2.51,40.16,5.02,0.1476470588235294,0.5698005698005698,7.53,23.53,1.0,0,0
123,6.7,Foggy,High,Morning,Scooter,23,3.0,59,3.0,20.1,154.1,20.1,0.2791666666666667,0.38961038961038963,20.1,43.1,1.0,0,1
184,17.61,Windy,Low,Morning,Bike,5,8.0,61,1.0,17.61,88.05,140.88,2.935,0.42987641053197206,52.83,57.83,1.0,0,1
203,3.65,Clear,Medium,Morning,Bike,29,9.0,46,2.0,7.3,105.85,32.85,0.12166666666666666,1.9354838709677418,10.95,39.95,1.0,0,0
439,14.27,Clear,Medium,Night,Car,24,3.0,77,2.0,28.54,342.48,42.81,0.5708,0.19646365422396858,42.81,66.81,4.0,0,0
247,8.85,Clear,Low,Afternoon,Bike,11,9.0,45,1.0,8.85,97.35,79.64999999999999,0.7374999999999999,0.9137055837563453,26.55,37.55,2.0,0,0
416,9.24,Windy,,Afternoon,Bike,8,2.0,49,,,73.92,18.48,1.0266666666666666,0.1953125,27.720000000000002,35.72,2.0,0,1
933,19.7,Rainy,Low,Evening,Car,16,6.0,66,1.0,19.7,315.2,118.19999999999999,1.1588235294117646,0.2898550724637681,59.1,75.1,3.0,1,1
766,11.61,Clear,High,Morning,Car,19,1.0,67,3.0,34.83,220.58999999999997,11.61,0.5805,0.07930214115781127,34.83,53.83,1.0,0,0
907,16.44,Windy,High,Afternoon,Car,8,0.0,80,3.0,49.32000000000001,131.52,0.0,1.8266666666666669,0.0,49.32000000000001,57.32000000000001,2.0,0,1
836,8.67,Rainy,High,Afternoon,Bike,12,7.0,104,3.0,26.009999999999998,104.03999999999999,60.69,0.666923076923077,0.7238883143743536,26.009999999999998,38.01,2.0,0,1
888,5.14,Clear,Medium,Evening,Scooter,23,7.0,43,2.0,10.28,118.22,35.98,0.21416666666666664,1.1400651465798046,15.42,38.42,3.0,1,0
130,10.46,Clear,,Evening,Bike,25,3.0,68,,,261.5,31.380000000000003,0.40230769230769237,0.2617801047120419,31.380000000000003,56.38,3.0,1,0
638,5.23,Clear,Medium,Morning,Scooter,23,2.0,47,2.0,10.46,120.29,10.46,0.21791666666666668,0.32102728731942215,15.690000000000001,38.69,1.0,0,0
403,10.35,Clear,Medium,Night,Bike,7,9.0,48,2.0,20.7,72.45,93.14999999999999,1.29375,0.7929515418502203,31.049999999999997,38.05,4.0,0,0
785,4.04,Rainy,High,Evening,Bike,14,6.0,39,3.0,12.120000000000001,56.56,24.240000000000002,0.2693333333333333,1.1904761904761905,12.120000000000001,26.12,3.0,1,1
771,2.66,Clear,Low,Afternoon,Bike,16,8.0,21,1.0,2.66,42.56,21.28,0.15647058823529414,2.1857923497267757,7.98,23.98,2.0,0,0
736,17.61,Foggy,Medium,Afternoon,Bike,9,5.0,74,2.0,35.22,158.49,88.05,1.761,0.2686727565824825,52.83,61.83,2.0,0,1
914,8.48,Clear,High,Night,Bike,11,5.0,39,3.0,25.44,93.28,42.400000000000006,0.7066666666666667,0.5274261603375527,25.44,36.44,4.0,0,0
220,17.06,Clear,Low,Evening,Bike,9,9.0,66,1.0,17.06,153.54,153.54,1.706,0.49833887043189373,51.18,60.18,3.0,1,0
642,6.78,Foggy,Low,Night,Bike,18,6.0,42,1.0,6.78,122.04,40.68,0.3568421052631579,0.7712082262210797,20.34,38.34,4.0,0,1
916,9.0,Snowy,Medium,Afternoon,Car,29,3.0,78,2.0,18.0,261.0,27.0,0.3,0.3,27.0,56.0,2.0,0,1
753,12.74,Clear,Low,Afternoon,Scooter,12,0.0,63,1.0,12.74,152.88,0.0,0.98,0.0,38.22,50.22,2.0,0,0
807,18.72,Rainy,Medium,Afternoon,Bike,17,0.0,89,2.0,37.44,318.24,0.0,1.04,0.0,56.16,73.16,2.0,0,1
920,3.23,Clear,Low,,Bike,7,7.0,14,1.0,3.23,22.61,22.61,0.40375,1.6548463356973993,9.69,16.689999999999998,,0,0
625,12.56,Clear,Low,Morning,Car,22,8.0,49,1.0,12.56,276.32,100.48,0.5460869565217391,0.5899705014749262,37.68,59.68,1.0,0,0
875,1.0,Snowy,Medium,Morning,Bike,28,0.0,51,2.0,2.0,28.0,0.0,0.034482758620689655,0.0,3.0,31.0,1.0,0,1
761,3.46,Clear,Low,Morning,Bike,24,6.0,37,1.0,3.46,83.03999999999999,20.759999999999998,0.1384,1.345291479820628,10.379999999999999,34.379999999999995,1.0,0,0
387,6.0,Snowy,Low,Morning,Car,20,8.0,53,1.0,6.0,120.0,48.0,0.2857142857142857,1.1428571428571428,18.0,38.0,1.0,0,1
973,14.79,Clear,Medium,Morning,Scooter,12,9.0,64,2.0,29.58,177.48,133.10999999999999,1.1376923076923076,0.5699810006333123,44.37,56.37,1.0,0,0
510,14.65,Snowy,High,Morning,Car,19,3.0,95,3.0,43.95,278.35,43.95,0.7325,0.19169329073482427,43.95,62.95,1.0,0,1
268,14.2,Clear,Medium,Afternoon,Bike,17,1.0,73,2.0,28.4,241.39999999999998,14.2,0.7888888888888889,0.06578947368421052,42.599999999999994,59.599999999999994,2.0,0,0
820,7.04,Clear,Low,Afternoon,Bike,11,8.0,38,1.0,7.04,77.44,56.32,0.5866666666666667,0.9950248756218907,21.119999999999997,32.12,2.0,0,0
442,19.74,Clear,,Afternoon,Car,16,1.0,98,,,315.84,19.74,1.1611764705882353,0.048216007714561235,59.21999999999999,75.22,2.0,0,0
497,11.88,Rainy,Medium,Evening,Bike,20,8.0,69,2.0,23.76,237.60000000000002,95.04,0.5657142857142857,0.6211180124223602,35.64000000000001,55.64000000000001,3.0,1,1
113,18.63,Clear,Low,Evening,Bike,26,8.0,75,1.0,18.63,484.38,149.04,0.69,0.40753948038716253,55.89,81.89,3.0,1,0
692,8.8,Rainy,Medium,Afternoon,Bike,6,2.0,38,2.0,17.6,52.800000000000004,17.6,1.2571428571428573,0.2040816326530612,26.400000000000002,32.400000000000006,2.0,0,1
233,11.75,Clear,High,Morning,Bike,9,2.0,55,3.0,35.25,105.75,23.5,1.175,0.1568627450980392,35.25,44.25,1.0,0,0
870,18.95,Snowy,Low,Morning,Car,27,0.0,92,1.0,18.95,511.65,0.0,0.6767857142857142,0.0,56.85,83.85,1.0,0,1
608,7.6,Foggy,Low,Morning,Bike,16,4.0,48,1.0,7.6,121.6,30.4,0.44705882352941173,0.46511627906976744,22.8,38.8,1.0,0,1
672,17.99,Foggy,Low,Morning,Car,11,2.0,84,1.0,17.99,197.89,35.98,1.4991666666666665,0.10531858873091102,53.97,64.97,1.0,0,1
374,13.82,Clear,Medium,Evening,Bike,21,9.0,72,2.0,27.64,290.22,124.38,0.6281818181818182,0.6072874493927125,41.46,62.46,3.0,1,0
982,15.53,Foggy,Low,Evening,Bike,26,7.0,68,1.0,15.53,403.78,108.71,0.5751851851851851,0.4234724742891712,46.589999999999996,72.59,3.0,1,1
843,3.97,Clear,High,Afternoon,Bike,19,8.0,40,3.0,11.91,75.43,31.76,0.1985,1.6096579476861166,11.91,30.91,2.0,0,0
234,10.1,Clear,High,Morning,Car,17,6.0,55,3.0,30.299999999999997,171.7,60.599999999999994,0.5611111111111111,0.5405405405405406,30.3,47.3,1.0,0,0
786,18.21,Foggy,Low,Morning,Bike,5,1.0,70,1.0,18.21,91.05000000000001,18.21,3.035,0.052056220718375845,54.63,59.63,1.0,0,1
677,2.68,Clear,Low,Morning,Bike,16,8.0,25,1.0,2.68,42.88,21.44,0.15764705882352942,2.1739130434782608,8.040000000000001,24.04,1.0,0,0
318,3.88,Snowy,Low,Morning,Bike,9,6.0,33,1.0,3.88,34.92,23.28,0.388,1.2295081967213115,11.64,20.64,1.0,0,1
649,15.89,Snowy,Medium,Afternoon,Car,15,9.0,91,2.0,31.78,238.35000000000002,143.01,0.993125,0.5328596802841918,47.67,62.67,2.0,0,1
411,6.73,Clear,Medium,Afternoon,Bike,21,1.0,54,2.0,13.46,141.33,6.73,0.3059090909090909,0.129366106080207,20.19,41.19,2.0,0,0
899,0.75,Clear,Medium,Afternoon,Bike,10,5.0,16,2.0,1.5,7.5,3.75,0.06818181818181818,2.857142857142857,2.25,12.25,2.0,0,0
710,13.79,Rainy,Low,Night,Scooter,11,0.0,69,1.0,13.79,151.69,0.0,1.1491666666666667,0.0,41.37,52.37,4.0,0,1
359,18.83,Clear,Medium,Evening,Scooter,5,8.0,69,2.0,37.66,94.14999999999999,150.64,3.138333333333333,0.4034291477559254,56.489999999999995,61.489999999999995,3.0,1,0
259,11.62,Clear,Low,Afternoon,Bike,9,8.0,33,1.0,11.62,104.58,92.96,1.162,0.6339144215530904,34.86,43.86,2.0,0,0
745,5.03,Clear,Medium,Morning,Bike,17,,38,2.0,10.06,85.51,,0.27944444444444444,,15.09,32.09,1.0,0,0
628,15.08,Rainy,Medium,Evening,Scooter,26,1.0,94,2.0,30.16,392.08,15.08,0.5585185185185185,0.06218905472636817,45.24,71.24000000000001,3.0,1,1
633,10.48,Rainy,Low,Afternoon,Car,10,7.0,45,1.0,10.48,104.80000000000001,73.36,0.9527272727272728,0.6097560975609756,31.44,41.44,2.0,0,1
283,7.82,Rainy,Medium,Evening,Bike,16,8.0,45,2.0,15.64,125.12,62.56,0.46,0.9070294784580498,23.46,39.46,3.0,1,1
377,16.98,Clear,Low,,Bike,11,6.0,78,1.0,16.98,186.78,101.88,1.415,0.3337041156840934,50.94,61.94,,0,0
385,14.83,Rainy,Low,Morning,Car,19,4.0,126,1.0,14.83,281.77,59.32,0.7415,0.2526847757422615,44.49,63.49,1.0,0,1
225,5.67,Clear,Low,Morning,Scooter,11,9.0,27,1.0,5.67,62.37,51.03,0.4725,1.3493253373313343,17.009999999999998,28.009999999999998,1.0,0,0
954,18.33,Snowy,Medium,Morning,Scooter,5,5.0,67,2.0,36.66,91.64999999999999,91.64999999999999,3.0549999999999997,0.2586652871184687,54.989999999999995,59.989999999999995,1.0,0,1
815,17.46,Clear,Medium,Morning,Scooter,6,,62,2.0,34.92,104.76,,2.494285714285714,,52.38,58.38,1.0,0,0
473,1.34,Foggy,High,Evening,Bike,9,5.0,30,3.0,4.0200000000000005,12.06,6.7,0.134,2.1367521367521367,4.0200000000000005,13.02,3.0,1,1
348,1.38,Clear,Low,Morning,Scooter,13,9.0,17,1.0,1.38,17.939999999999998,12.419999999999998,0.09857142857142856,3.781512605042017,4.14,17.14,1.0,0,0
506,3.67,Clear,Low,,Bike,9,0.0,26,1.0,3.67,33.03,0.0,0.367,0.0,11.01,20.009999999999998,,0,0
640,7.86,Windy,Medium,Morning,Car,22,2.0,55,2.0,15.72,172.92000000000002,15.72,0.3417391304347826,0.22573363431151244,23.580000000000002,45.58,1.0,0,1
988,8.98,Clear,Medium,Afternoon,Scooter,22,8.0,105,2.0,17.96,197.56,71.84,0.3904347826086957,0.8016032064128256,26.94,48.94,2.0,0,0
929,12.85,Rainy,Medium,Evening,Scooter,6,7.0,61,2.0,25.7,77.1,89.95,1.8357142857142856,0.5054151624548736,38.55,44.55,3.0,1,1
906,17.91,Clear,Low,Afternoon,Bike,6,7.0,68,1.0,17.91,107.46000000000001,125.37,2.5585714285714287,0.370174510840825,53.73,59.73,2.0,0,0
620,15.09,Snowy,Low,Morning,Car,20,7.0,68,1.0,15.09,301.8,105.63,0.7185714285714285,0.435052827843381,45.269999999999996,65.27,1.0,0,1
856,4.22,Clear,Medium,Morning,Bike,16,7.0,35,2.0,8.44,67.52,29.54,0.24823529411764705,1.3409961685823755,12.66,28.66,1.0,0,0
804,12.33,Clear,High,Night,Bike,7,2.0,101,3.0,36.99,86.31,24.66,1.54125,0.15003750937734434,36.99,43.99,4.0,0,0
646,17.87,Snowy,Low,Morning,Scooter,29,4.0,87,1.0,17.87,518.23,71.48,0.5956666666666667,0.21197668256491783,53.61000000000001,82.61000000000001,1.0,0,1
847,2.16,Clear,Medium,Night,Car,10,1.0,23,2.0,4.32,21.6,2.16,0.19636363636363638,0.3164556962025316,6.48,16.48,4.0,0,0
557,3.11,Rainy,Medium,Morning,Scooter,21,1.0,43,2.0,6.22,65.31,3.11,0.14136363636363636,0.24330900243309006,9.33,30.33,1.0,0,1
958,1.42,Clear,High,Afternoon,Scooter,24,2.0,40,3.0,4.26,34.08,2.84,0.056799999999999996,0.8264462809917356,4.26,28.259999999999998,2.0,0,0
578,18.57,Rainy,Medium,Afternoon,Bike,16,7.0,89,2.0,37.14,297.12,129.99,1.0923529411764705,0.35769034236075625,55.71,71.71000000000001,2.0,0,1
796,17.51,Clear,Medium,Evening,Bike,15,3.0,60,2.0,35.02,262.65000000000003,52.53,1.094375,0.16207455429497566,52.53,67.53,3.0,1,0
86,6.84,Clear,Medium,Evening,Bike,25,1.0,51,2.0,13.68,171.0,6.84,0.2630769230769231,0.12755102040816327,20.52,45.519999999999996,3.0,1,0
243,18.34,Snowy,Medium,Afternoon,Scooter,22,,91,2.0,36.68,403.48,,0.7973913043478261,,55.02,77.02000000000001,2.0,0,1
699,3.51,Windy,Medium,Night,Bike,22,2.0,44,2.0,7.02,77.22,7.02,0.15260869565217391,0.4434589800443459,10.53,32.53,4.0,0,1
160,14.7,Clear,Medium,Morning,Scooter,6,2.0,58,2.0,29.4,88.19999999999999,29.4,2.1,0.12738853503184713,44.1,50.1,1.0,0,0
525,16.85,Clear,High,Morning,Car,17,4.0,71,3.0,50.550000000000004,286.45000000000005,67.4,0.9361111111111112,0.22408963585434172,50.550000000000004,67.55000000000001,1.0,0,0
36,16.26,Rainy,Low,Morning,Car,27,5.0,66,1.0,16.26,439.02000000000004,81.30000000000001,0.5807142857142857,0.2896871378910776,48.78,75.78,1.0,0,1
541,19.1,Snowy,Medium,Morning,Bike,25,6.0,90,2.0,38.2,477.50000000000006,114.60000000000001,0.7346153846153847,0.29850746268656714,57.300000000000004,82.30000000000001,1.0,0,1
171,13.71,Rainy,Medium,Evening,Bike,22,9.0,64,2.0,27.42,301.62,123.39000000000001,0.5960869565217392,0.6118286879673691,41.13,63.13,3.0,1,1
655,8.92,Clear,Medium,,Bike,10,1.0,51,2.0,17.84,89.2,8.92,0.8109090909090909,0.10080645161290323,26.76,36.760000000000005,,0,0
891,14.58,Clear,Low,Evening,Bike,23,0.0,70,1.0,14.58,335.34,0.0,0.6075,0.0,43.74,66.74000000000001,3.0,1,0
858,9.71,Clear,Low,Afternoon,Car,27,5.0,61,1.0,9.71,262.17,48.550000000000004,0.3467857142857143,0.46685340802987857,29.130000000000003,56.13,2.0,0,0
848,19.94,Clear,Low,Afternoon,Bike,26,6.0,83,1.0,19.94,518.44,119.64000000000001,0.7385185185185186,0.28653295128939826,59.82000000000001,85.82000000000001,2.0,0,0
945,4.53,Snowy,Medium,Morning,Scooter,18,4.0,49,2.0,9.06,81.54,18.12,0.23842105263157895,0.7233273056057866,13.59,31.59,1.0,0,1
734,10.7,Clear,High,Afternoon,Car,8,4.0,57,3.0,32.099999999999994,85.6,42.8,1.1888888888888889,0.3418803418803419,32.099999999999994,40.099999999999994,2.0,0,0
96,10.13,Clear,Medium,Evening,Bike,22,0.0,65,2.0,20.26,222.86,0.0,0.4404347826086957,0.0,30.390000000000004,52.39,3.0,1,0
564,0.78,Clear,Low,Afternoon,Bike,11,0.0,18,1.0,0.78,8.58,0.0,0.065,0.0,2.34,13.34,2.0,0,0
241,18.84,Foggy,Medium,Afternoon,Scooter,25,8.0,88,2.0,37.68,471.0,150.72,0.7246153846153847,0.40322580645161293,56.519999999999996,81.52,2.0,0,1
743,15.08,Snowy,Low,Evening,Bike,29,7.0,84,1.0,15.08,437.32,105.56,0.5026666666666667,0.4353233830845772,45.24,74.24000000000001,3.0,1,1
575,17.32,Clear,Low,Evening,Scooter,10,3.0,77,1.0,17.32,173.2,51.96,1.5745454545454545,0.16375545851528384,51.96,61.96,3.0,1,0
691,6.81,Clear,Medium,Evening,Bike,23,2.0,47,2.0,13.62,156.63,13.62,0.28375,0.2560819462227913,20.43,43.43,3.0,1,0
461,2.79,Clear,High,Morning,Bike,23,7.0,38,3.0,8.370000000000001,64.17,19.53,0.11625,1.8469656992084433,8.370000000000001,31.37,1.0,0,0
554,11.44,Foggy,High,Afternoon,Car,14,4.0,74,3.0,34.32,160.16,45.76,0.7626666666666666,0.3215434083601286,34.32,48.32,2.0,0,1
889,2.44,Snowy,High,Evening,Bike,13,9.0,39,3.0,7.32,31.72,21.96,0.1742857142857143,2.616279069767442,7.32,20.32,3.0,1,1
207,2.48,Rainy,Low,Evening,Scooter,20,8.0,30,1.0,2.48,49.6,19.84,0.1180952380952381,2.2988505747126435,7.4399999999999995,27.439999999999998,3.0,1,1
393,7.75,,Medium,Evening,Scooter,21,1.0,55,2.0,15.5,162.75,7.75,0.3522727272727273,0.11428571428571428,23.25,44.25,3.0,1,0
795,0.85,Clear,Medium,Morning,Bike,9,8.0,17,2.0,1.7,7.6499999999999995,6.8,0.08499999999999999,4.324324324324324,2.55,11.55,1.0,0,0
398,8.87,Clear,Low,Evening,Bike,19,3.0,55,1.0,8.87,168.52999999999997,26.61,0.44349999999999995,0.30395136778115506,26.609999999999996,45.61,3.0,1,0
767,15.37,Snowy,Medium,Afternoon,Car,15,5.0,66,2.0,30.74,230.54999999999998,76.85,0.960625,0.3054367745876604,46.11,61.11,2.0,0,1
849,10.29,Foggy,Medium,Evening,Scooter,25,4.0,67,2.0,20.58,257.25,41.16,0.39576923076923076,0.354295837023915,30.869999999999997,55.87,3.0,1,1
218,15.06,Rainy,Low,Morning,Bike,22,4.0,65,1.0,15.06,331.32,60.24,0.6547826086956522,0.24906600249066,45.18,67.18,1.0,0,1
5,3.54,Foggy,Low,,Bike,23,7.0,37,1.0,3.54,81.42,24.78,0.1475,1.5418502202643172,10.62,33.62,,0,1
769,7.17,Clear,Medium,Morning,Scooter,7,9.0,29,2.0,14.34,50.19,64.53,0.89625,1.1015911872705018,21.509999999999998,28.509999999999998,1.0,0,0
643,4.62,Rainy,Medium,Afternoon,Car,8,3.0,33,2.0,9.24,36.96,13.86,0.5133333333333333,0.5338078291814946,13.860000000000001,21.86,2.0,0,1
930,5.53,Clear,Low,Morning,Car,10,8.0,27,1.0,5.53,55.300000000000004,44.24,0.5027272727272728,1.225114854517611,16.59,26.59,1.0,0,0
613,12.74,Rainy,Low,Afternoon,Bike,17,9.0,63,1.0,12.74,216.58,114.66,0.7077777777777778,0.6550218340611353,38.22,55.22,2.0,0,1
739,9.06,Clear,High,Evening,Bike,26,3.0,61,3.0,27.18,235.56,27.18,0.33555555555555555,0.2982107355864811,27.18,53.18,3.0,1,0
547,2.71,Foggy,Low,Morning,Bike,6,0.0,28,1.0,2.71,16.259999999999998,0.0,0.3871428571428571,0.0,8.13,14.13,1.0,0,1
726,16.92,Clear,Low,Night,Bike,23,5.0,78,1.0,16.92,389.16,84.60000000000001,0.7050000000000001,0.2790178571428571,50.760000000000005,73.76,4.0,0,0
684,13.54,Foggy,Low,Morning,Bike,11,1.0,54,1.0,13.54,148.94,13.54,1.1283333333333332,0.06877579092159561,40.62,51.62,1.0,0,1
99,1.0,Snowy,Medium,Morning,Bike,25,4.0,44,2.0,2.0,25.0,4.0,0.038461538461538464,2.0,3.0,28.0,1.0,0,1
805,8.77,Clear,Medium,Morning,Car,12,2.0,42,2.0,17.54,105.24,17.54,0.6746153846153846,0.2047082906857728,26.31,38.31,1.0,0,0
728,16.01,Windy,Low,Morning,Car,28,0.0,84,1.0,16.01,448.28000000000003,0.0,0.5520689655172414,0.0,48.03000000000001,76.03,1.0,0,1
574,12.63,Foggy,Medium,Night,Scooter,8,8.0,49,2.0,25.26,101.04,101.04,1.4033333333333333,0.586940572267058,37.89,45.89,4.0,0,1
407,8.09,Foggy,Low,Evening,Car,22,2.0,56,1.0,8.09,177.98,16.18,0.3517391304347826,0.22002200220022003,24.27,46.269999999999996,3.0,1,1
503,6.54,Clear,Medium,Night,Bike,10,7.0,39,2.0,13.08,65.4,45.78,0.5945454545454546,0.9283819628647215,19.62,29.62,4.0,0,0
48,10.64,Clear,Medium,Afternoon,Scooter,14,5.0,45,2.0,21.28,148.96,53.2,0.7093333333333334,0.42955326460481097,31.92,45.92,2.0,0,0
33,1.77,Clear,Medium,Evening,Bike,14,9.0,22,2.0,3.54,24.78,15.93,0.11800000000000001,3.2490974729241877,5.31,19.31,3.0,1,0
780,13.0,Foggy,Low,Evening,Bike,25,7.0,77,1.0,13.0,325.0,91.0,0.5,0.5,39.0,64.0,3.0,1,1
840,12.83,Clear,Low,Evening,Bike,5,8.0,50,1.0,12.83,64.15,102.64,2.138333333333333,0.5784526391901663,38.489999999999995,43.489999999999995,3.0,1,0
201,13.02,Snowy,High,Afternoon,Car,6,9.0,65,3.0,39.06,78.12,117.17999999999999,1.8599999999999999,0.6419400855920114,39.06,45.06,2.0,0,1
135,18.89,Rainy,Medium,Morning,Scooter,22,1.0,74,2.0,37.78,415.58000000000004,18.89,0.821304347826087,0.05027652086475616,56.67,78.67,1.0,0,1
28,10.53,Foggy,High,Evening,Bike,25,8.0,72,3.0,31.589999999999996,263.25,84.24,0.40499999999999997,0.6938421509106678,31.589999999999996,56.589999999999996,3.0,1,1
881,5.01,Rainy,Low,Afternoon,Bike,10,5.0,31,1.0,5.01,50.099999999999994,25.049999999999997,0.45545454545454545,0.831946755407654,15.03,25.03,2.0,0,1
231,16.0,Foggy,Medium,Afternoon,Scooter,13,3.0,65,2.0,32.0,208.0,48.0,1.1428571428571428,0.17647058823529413,48.0,61.0,2.0,0,1
490,17.86,Clear,Low,Afternoon,Scooter,16,8.0,83,1.0,17.86,285.76,142.88,1.0505882352941176,0.4241781548250265,53.58,69.58,2.0,0,0
773,2.99,Foggy,High,Afternoon,Bike,9,5.0,90,3.0,8.97,26.910000000000004,14.950000000000001,0.29900000000000004,1.2531328320802004,8.97,17.97,2.0,0,1
379,16.38,Clear,Medium,Morning,Bike,6,2.0,51,2.0,32.76,98.28,32.76,2.34,0.11507479861910243,49.14,55.14,1.0,0,0
289,6.09,Clear,Medium,Night,Bike,7,4.0,27,2.0,12.18,42.629999999999995,24.36,0.76125,0.5641748942172073,18.27,25.27,4.0,0,0
419,13.61,Clear,Low,Morning,Bike,26,0.0,66,1.0,13.61,353.86,0.0,0.504074074074074,0.0,40.83,66.83,1.0,0,0
675,8.5,Snowy,High,Evening,Bike,14,7.0,56,3.0,25.5,119.0,59.5,0.5666666666666667,0.7368421052631579,25.5,39.5,3.0,1,1
392,8.55,Clear,Low,Evening,Scooter,28,8.0,46,1.0,8.55,239.40000000000003,68.4,0.2948275862068966,0.8376963350785339,25.650000000000002,53.650000000000006,3.0,1,0
593,4.05,Clear,Medium,Afternoon,Scooter,21,5.0,39,2.0,8.1,85.05,20.25,0.18409090909090908,0.9900990099009901,12.149999999999999,33.15,2.0,0,0
499,19.5,Clear,High,Morning,Bike,18,2.0,73,3.0,58.5,351.0,39.0,1.0263157894736843,0.0975609756097561,58.5,76.5,1.0,0,0
139,7.59,Clear,,Afternoon,Scooter,16,3.0,37,,,121.44,22.77,0.4464705882352941,0.3492433061699651,22.77,38.769999999999996,2.0,0,0
63,16.66,Snowy,High,Afternoon,Scooter,29,7.0,95,3.0,49.980000000000004,483.14,116.62,0.5553333333333333,0.39637599093997733,49.98,78.97999999999999,2.0,0,1
472,19.41,Snowy,High,Evening,Car,21,3.0,100,3.0,58.230000000000004,407.61,58.230000000000004,0.8822727272727273,0.14698677119059284,58.230000000000004,79.23,3.0,1,1
648,13.74,Foggy,Medium,Afternoon,Bike,6,1.0,56,2.0,27.48,82.44,13.74,1.9628571428571429,0.06784260515603799,41.220000000000006,47.220000000000006,2.0,0,1
129,0.64,Clear,High,Night,Bike,10,3.0,24,3.0,1.92,6.4,1.92,0.05818181818181818,1.8292682926829267,1.92,11.92,4.0,0,0
977,12.1,Clear,High,Afternoon,Bike,11,0.0,53,3.0,36.3,133.1,0.0,1.0083333333333333,0.0,36.3,47.3,2.0,0,0
521,12.09,Clear,Medium,Morning,Car,13,1.0,60,2.0,24.18,157.17,12.09,0.8635714285714285,0.07639419404125286,36.27,49.27,1.0,0,0
839,11.82,Windy,Medium,Night,Bike,24,7.0,77,2.0,23.64,283.68,82.74000000000001,0.4728,0.5460218408736349,35.46,59.46,4.0,0,1
963,5.28,Foggy,Low,Morning,Bike,27,6.0,53,1.0,5.28,142.56,31.68,0.18857142857142858,0.9554140127388535,15.84,42.84,1.0,0,1
65,5.98,Clear,Low,Evening,Car,22,9.0,35,1.0,5.98,131.56,53.82000000000001,0.26,1.2893982808022921,17.94,39.94,3.0,1,0
813,2.93,Clear,Medium,Morning,Bike,24,8.0,94,2.0,5.86,70.32000000000001,23.44,0.11720000000000001,2.035623409669211,8.790000000000001,32.79,1.0,0,0
15,4.05,Snowy,Medium,Evening,Scooter,19,2.0,50,2.0,8.1,76.95,8.1,0.20249999999999999,0.39603960396039606,12.149999999999999,31.15,3.0,1,1
157,13.61,Clear,Low,,Scooter,12,2.0,43,1.0,13.61,163.32,27.22,1.0469230769230768,0.13689253935660506,40.83,52.83,,0,0
41,2.88,Rainy,,Morning,Car,16,4.0,41,,,46.08,11.52,0.16941176470588235,1.0309278350515465,8.639999999999999,24.64,1.0,0,1
493,5.91,Clear,Medium,Evening,Scooter,29,4.0,57,2.0,11.82,171.39000000000001,23.64,0.197,0.5788712011577424,17.73,46.730000000000004,3.0,1,0
380,6.0,Rainy,Medium,Evening,Scooter,21,2.0,47,2.0,12.0,126.0,12.0,0.2727272727272727,0.2857142857142857,18.0,39.0,3.0,1,1
188,11.33,Clear,Medium,Afternoon,Scooter,29,7.0,77,2.0,22.66,328.57,79.31,0.37766666666666665,0.5677210056772101,33.99,62.99,2.0,0,0
764,15.01,Clear,Medium,Morning,Bike,15,6.0,64,2.0,30.02,225.15,90.06,0.938125,0.3747657713928795,45.029999999999994,60.029999999999994,1.0,0,0
217,6.85,Clear,High,Morning,Bike,16,5.0,48,3.0,20.549999999999997,109.6,34.25,0.4029411764705882,0.6369426751592357,20.549999999999997,36.55,1.0,0,0
792,11.93,Snowy,High,Morning,Car,7,1.0,75,3.0,35.79,83.50999999999999,11.93,1.49125,0.07733952049497293,35.79,42.79,1.0,0,1
53,18.82,Windy,Low,Morning,Car,5,3.0,77,1.0,18.82,94.1,56.46,3.1366666666666667,0.15136226034308778,56.46,61.46,1.0,0,1
879,1.03,Clear,Medium,Afternoon,Bike,19,4.0,29,2.0,2.06,19.57,4.12,0.051500000000000004,1.9704433497536944,3.0900000000000003,22.09,2.0,0,0
338,14.22,Rainy,,Evening,Car,25,8.0,84,,,355.5,113.76,0.546923076923077,0.5256241787122208,42.660000000000004,67.66,3.0,1,1
749,18.18,Snowy,High,,Bike,17,3.0,85,3.0,54.54,309.06,54.54,1.01,0.15641293013555788,54.54,71.53999999999999,,0,1
720,14.75,Clear,Low,Morning,Car,10,7.0,62,1.0,14.75,147.5,103.25,1.3409090909090908,0.4444444444444444,44.25,54.25,1.0,0,0
725,11.7,Rainy,Low,Afternoon,Bike,17,5.0,60,1.0,11.7,198.89999999999998,58.5,0.6499999999999999,0.3937007874015748,35.099999999999994,52.099999999999994,2.0,0,1
296,10.68,Clear,Low,Morning,Bike,14,1.0,42,1.0,10.68,149.51999999999998,10.68,0.712,0.08561643835616438,32.04,46.04,1.0,0,0
702,1.51,Clear,High,Evening,Bike,26,1.0,44,3.0,4.53,39.26,1.51,0.05592592592592593,0.39840637450199207,4.53,30.53,3.0,1,0
252,8.01,Clear,High,Morning,Bike,8,6.0,48,3.0,24.03,64.08,48.06,0.89,0.6659267480577137,24.029999999999998,32.03,1.0,0,0
727,3.23,Rainy,Low,Morning,Car,25,7.0,42,1.0,3.23,80.75,22.61,0.12423076923076923,1.6548463356973993,9.69,34.69,1.0,0,1
462,13.16,Rainy,High,Morning,Scooter,25,8.0,68,3.0,39.480000000000004,329.0,105.28,0.5061538461538462,0.5649717514124294,39.480000000000004,64.48,1.0,0,1
456,10.11,Windy,Low,Morning,Bike,11,4.0,44,1.0,10.11,111.21,40.44,0.8424999999999999,0.36003600360036003,30.33,41.33,1.0,0,1
997,18.39,Windy,Low,Afternoon,Bike,24,6.0,74,1.0,18.39,441.36,110.34,0.7356,0.30943785456420836,55.17,79.17,2.0,0,1
816,10.62,Windy,Medium,Afternoon,Car,22,5.0,54,2.0,21.24,233.64,53.099999999999994,0.4617391304347826,0.43029259896729777,31.859999999999996,53.86,2.0,0,1
863,10.73,Clear,,Afternoon,Bike,7,5.0,57,,,75.11,53.650000000000006,1.34125,0.42625745950554134,32.19,39.19,2.0,0,0
270,6.23,Clear,Medium,Evening,Car,20,1.0,51,2.0,12.46,124.60000000000001,6.23,0.2966666666666667,0.1383125864453665,18.69,38.69,3.0,1,0
202,2.14,Clear,Low,Afternoon,Bike,25,1.0,36,1.0,2.14,53.5,2.14,0.08230769230769232,0.3184713375796178,6.420000000000001,31.42,2.0,0,0
162,12.83,Clear,Medium,Morning,Bike,19,2.0,76,2.0,25.66,243.77,25.66,0.6415,0.14461315979754158,38.489999999999995,57.489999999999995,1.0,0,0
556,8.37,Clear,High,Evening,Scooter,13,7.0,42,3.0,25.11,108.80999999999999,58.589999999999996,0.5978571428571428,0.7470651013874067,25.11,38.11,3.0,1,0
730,3.69,Rainy,Medium,Afternoon,Bike,8,8.0,27,2.0,7.38,29.52,29.52,0.41,1.7057569296375268,11.07,19.07,2.0,0,1
402,18.1,Clear,Low,Morning,Scooter,8,5.0,77,1.0,18.1,144.8,90.5,2.011111111111111,0.2617801047120419,54.300000000000004,62.300000000000004,1.0,0,0
703,7.06,Clear,Low,Afternoon,Scooter,26,5.0,51,1.0,7.06,183.56,35.3,0.2614814814814815,0.620347394540943,21.18,47.18,2.0,0,0
477,1.94,Foggy,Low,Night,Bike,10,1.0,25,1.0,1.94,19.4,1.94,0.17636363636363636,0.3401360544217687,5.82,15.82,4.0,0,1
822,0.59,Clear,Low,Afternoon,Bike,21,0.0,27,1.0,0.59,12.389999999999999,0.0,0.026818181818181817,0.0,1.77,22.77,2.0,0,0
772,17.01,Snowy,Low,Night,Bike,28,6.0,97,1.0,17.01,476.28000000000003,102.06,0.5865517241379311,0.3331482509716824,51.03,79.03,4.0,0,1
106,5.36,Clear,Low,Afternoon,Scooter,11,4.0,30,1.0,5.36,58.96,21.44,0.4466666666666667,0.6289308176100629,16.080000000000002,27.080000000000002,2.0,0,0
566,12.0,Clear,Low,Evening,Car,25,0.0,75,1.0,12.0,300.0,0.0,0.46153846153846156,0.0,36.0,61.0,3.0,1,0
390,16.23,Clear,Medium,Evening,Bike,6,0.0,54,2.0,32.46,97.38,0.0,2.3185714285714285,0.0,48.69,54.69,3.0,1,0
2,19.04,Rainy,Low,Evening,Car,12,6.0,60,1.0,19.04,228.48,114.24,1.4646153846153847,0.29940119760479045,57.12,69.12,3.0,1,1
938,18.33,Foggy,Medium,Morning,Scooter,19,0.0,98,2.0,36.66,348.27,0.0,0.9164999999999999,0.0,54.989999999999995,73.99,1.0,0,1
983,2.58,Clear,Medium,Morning,Scooter,25,7.0,37,2.0,5.16,64.5,18.060000000000002,0.09923076923076923,1.9553072625698324,7.74,32.74,1.0,0,0
562,4.65,Clear,Medium,Evening,Bike,21,1.0,46,2.0,9.3,97.65,4.65,0.2113636363636364,0.17699115044247787,13.950000000000001,34.95,3.0,1,0
81,17.33,Snowy,Low,Evening,Scooter,12,3.0,79,1.0,17.33,207.95999999999998,51.989999999999995,1.333076923076923,0.16366612111292964,51.989999999999995,63.989999999999995,3.0,1,1
206,0.68,Snowy,High,Evening,Bike,29,8.0,50,3.0,2.04,19.720000000000002,5.44,0.02266666666666667,4.761904761904762,2.04,31.04,3.0,1,1
35,19.33,Clear,Medium,Morning,Bike,7,8.0,73,2.0,38.66,135.31,154.64,2.41625,0.39350713231677326,57.989999999999995,64.99,1.0,0,0
776,3.42,Clear,Medium,Night,Car,11,9.0,24,2.0,6.84,37.62,30.78,0.285,2.0361990950226243,10.26,21.259999999999998,4.0,0,0
509,19.02,Rainy,High,Evening,Scooter,22,1.0,106,3.0,57.06,418.44,19.02,0.8269565217391304,0.04995004995004995,57.059999999999995,79.06,3.0,1,1
428,17.81,Windy,High,Evening,Bike,21,4.0,122,3.0,53.42999999999999,374.01,71.24,0.8095454545454545,0.21265284423179162,53.43,74.43,3.0,1,1
455,2.67,Clear,Medium,Night,Car,17,6.0,28,2.0,5.34,45.39,16.02,0.14833333333333332,1.6348773841961852,8.01,25.009999999999998,4.0,0,0
367,19.24,Snowy,Low,,Bike,26,1.0,114,1.0,19.24,500.23999999999995,19.24,0.7125925925925926,0.049407114624505935,57.72,83.72,,0,1
92,14.41,Rainy,,Night,Bike,16,6.0,85,,,230.56,86.46000000000001,0.8476470588235294,0.3893575600259572,43.230000000000004,59.230000000000004,4.0,0,1
340,2.41,,Medium,Evening,Bike,15,9.0,25,2.0,4.82,36.150000000000006,21.69,0.150625,2.6392961876832843,7.23,22.23,3.0,1,0
898,17.98,Clear,Low,Evening,Bike,5,8.0,45,1.0,17.98,89.9,143.84,2.9966666666666666,0.4214963119072708,53.94,58.94,3.0,1,0
565,7.34,Foggy,Medium,Afternoon,Bike,22,5.0,93,2.0,14.68,161.48,36.7,0.31913043478260866,0.5995203836930456,22.02,44.019999999999996,2.0,0,1
346,12.51,Clear,Medium,Evening,Bike,18,5.0,62,2.0,25.02,225.18,62.55,0.6584210526315789,0.3700962250185048,37.529999999999994,55.529999999999994,3.0,1,0
777,4.97,Rainy,Low,Evening,Bike,17,9.0,34,1.0,4.97,84.49,44.73,0.2761111111111111,1.5075376884422111,14.91,31.91,3.0,1,1
242,19.1,Snowy,Low,Afternoon,Bike,18,1.0,101,1.0,19.1,343.8,19.1,1.0052631578947369,0.04975124378109452,57.300000000000004,75.30000000000001,2.0,0,1
14,4.64,Clear,Low,Afternoon,Bike,15,9.0,24,1.0,4.64,69.6,41.76,0.29,1.595744680851064,13.919999999999998,28.919999999999998,2.0,0,0
316,14.07,Rainy,Low,Evening,Bike,10,5.0,63,1.0,14.07,140.7,70.35,1.279090909090909,0.33178500331785005,42.21,52.21,3.0,1,1
601,3.79,Clear,Medium,Morning,Bike,13,2.0,34,2.0,7.58,49.27,7.58,0.27071428571428574,0.4175365344467641,11.370000000000001,24.37,1.0,0,0
388,3.96,Clear,Medium,Afternoon,Bike,23,,44,2.0,7.92,91.08,,0.165,,11.88,34.88,2.0,0,0
274,18.31,Clear,Medium,Afternoon,Bike,25,3.0,79,2.0,36.62,457.74999999999994,54.92999999999999,0.7042307692307692,0.15535991714137753,54.93,79.93,2.0,0,0
167,6.76,Foggy,Medium,Night,Bike,7,6.0,42,2.0,13.52,47.32,40.56,0.845,0.7731958762886598,20.279999999999998,27.279999999999998,4.0,0,1
841,0.76,Clear,Low,Afternoon,Car,26,9.0,28,1.0,0.76,19.76,6.84,0.028148148148148148,5.113636363636363,2.28,28.28,2.0,0,0
993,5.81,Rainy,Medium,Evening,Bike,14,8.0,41,2.0,11.62,81.33999999999999,46.48,0.3873333333333333,1.1747430249632893,17.43,31.43,3.0,1,1
647,12.08,Clear,High,Afternoon,Scooter,16,4.0,60,3.0,36.24,193.28,48.32,0.7105882352941176,0.3058103975535168,36.24,52.24,2.0,0,0
819,1.57,Rainy,Low,Evening,Car,16,1.0,30,1.0,1.57,25.12,1.57,0.0923529411764706,0.3891050583657587,4.71,20.71,3.0,1,1
485,11.89,Clear,Medium,Afternoon,Bike,28,0.0,79,2.0,23.78,332.92,0.0,0.41000000000000003,0.0,35.67,63.67,2.0,0,0
981,7.02,Clear,Medium,Evening,Car,23,2.0,53,2.0,14.04,161.45999999999998,14.04,0.2925,0.24937655860349128,21.06,44.06,3.0,1,0
505,13.85,Clear,Low,Evening,Bike,29,5.0,71,1.0,13.85,401.65,69.25,0.46166666666666667,0.3367003367003367,41.55,70.55,3.0,1,0
832,9.32,Rainy,Medium,Evening,Scooter,24,2.0,71,2.0,18.64,223.68,18.64,0.3728,0.19379844961240308,27.96,51.96,3.0,1,1
244,7.72,Foggy,High,Evening,Bike,19,4.0,64,3.0,23.16,146.68,30.88,0.386,0.4587155963302753,23.16,42.16,3.0,1,1
567,8.15,Rainy,Low,Afternoon,Bike,26,2.0,50,1.0,8.15,211.9,16.3,0.30185185185185187,0.2185792349726776,24.450000000000003,50.45,2.0,0,1
876,3.54,Rainy,Medium,Afternoon,Scooter,17,4.0,41,2.0,7.08,60.18,14.16,0.19666666666666666,0.8810572687224669,10.62,27.619999999999997,2.0,0,1
563,3.16,Snowy,Low,Morning,Car,9,,27,1.0,3.16,28.44,,0.316,,9.48,18.48,1.0,0,1
687,11.65,Windy,Low,Night,Bike,10,3.0,53,1.0,11.65,116.5,34.95,1.059090909090909,0.23715415019762845,34.95,44.95,4.0,0,1
190,5.22,Snowy,Medium,,Scooter,14,3.0,43,2.0,10.44,73.08,15.66,0.348,0.48231511254019294,15.66,29.66,,0,1
783,5.41,Clear,High,Morning,Scooter,17,6.0,38,3.0,16.23,91.97,32.46,0.3005555555555556,0.9360374414976599,16.23,33.230000000000004,1.0,0,0
700,9.88,Rainy,Medium,Morning,Car,7,0.0,43,2.0,19.76,69.16000000000001,0.0,1.235,0.0,29.640000000000004,36.64,1.0,0,1
476,19.86,Rainy,High,Evening,Bike,12,8.0,71,3.0,59.58,238.32,158.88,1.5276923076923077,0.3835091083413231,59.58,71.58,3.0,1,1
682,5.53,Windy,High,Morning,Bike,23,4.0,59,3.0,16.59,127.19000000000001,22.12,0.2304166666666667,0.6125574272588055,16.59,39.59,1.0,0,1
511,12.46,Foggy,Low,Afternoon,Bike,10,1.0,62,1.0,12.46,124.60000000000001,12.46,1.1327272727272728,0.07429420505200594,37.38,47.38,2.0,0,1
59,1.38,Clear,Medium,Morning,Car,6,3.0,17,2.0,2.76,8.28,4.14,0.19714285714285712,1.2605042016806722,4.14,10.14,1.0,0,0
475,10.79,Clear,Medium,Evening,Scooter,24,1.0,65,2.0,21.58,258.96,10.79,0.4316,0.08481764206955048,32.37,56.37,3.0,1,0
561,14.23,Clear,Medium,Afternoon,Scooter,23,7.0,70,2.0,28.46,327.29,99.61,0.5929166666666666,0.45961917268548913,42.69,65.69,2.0,0,0
857,1.21,Snowy,Low,Afternoon,Bike,22,1.0,39,1.0,1.21,26.619999999999997,1.21,0.05260869565217391,0.45248868778280543,3.63,25.63,2.0,0,1
748,11.1,Clear,Low,Afternoon,Bike,18,7.0,56,1.0,11.1,199.79999999999998,77.7,0.5842105263157894,0.578512396694215,33.3,51.3,2.0,0,0
253,17.1,Clear,Medium,Evening,Bike,25,5.0,65,2.0,34.2,427.50000000000006,85.5,0.6576923076923078,0.2762430939226519,51.300000000000004,76.30000000000001,3.0,1,0
22,3.22,Clear,Medium,Afternoon,Bike,19,9.0,32,2.0,6.44,61.18000000000001,28.98,0.161,2.1327014218009475,9.66,28.66,2.0,0,0
314,19.27,Foggy,Medium,Morning,Car,29,9.0,85,2.0,38.54,558.83,173.43,0.6423333333333333,0.4440059200789344,57.81,86.81,1.0,0,1
460,2.82,Rainy,Medium,Evening,Scooter,10,1.0,29,2.0,5.64,28.2,2.82,0.25636363636363635,0.2617801047120419,8.459999999999999,18.46,3.0,1,1
161,7.67,Foggy,Medium,Afternoon,Scooter,22,8.0,59,2.0,15.34,168.74,61.36,0.3334782608695652,0.922722029988466,23.01,45.010000000000005,2.0,0,1
277,16.07,Clear,Medium,Evening,Bike,16,5.0,64,2.0,32.14,257.12,80.35,0.9452941176470588,0.29291154071470415,48.21,64.21000000000001,3.0,1,0
956,7.97,Windy,Medium,Evening,Scooter,9,8.0,35,2.0,15.94,71.73,63.76,0.7969999999999999,0.8918617614269789,23.909999999999997,32.91,3.0,1,1
192,18.0,Rainy,High,Night,Car,22,,98,3.0,54.0,396.0,,0.782608695652174,,54.0,76.0,4.0,0,1
386,16.17,Clear,Medium,Evening,Scooter,12,2.0,78,2.0,32.34,194.04000000000002,32.34,1.243846153846154,0.11648223645894,48.510000000000005,60.510000000000005,3.0,1,0
806,14.86,,High,Night,Scooter,15,4.0,91,3.0,44.58,222.89999999999998,59.44,0.92875,0.25220680958385877,44.58,59.58,4.0,0,0
414,11.68,Clear,,Afternoon,Scooter,25,7.0,70,,,292.0,81.75999999999999,0.4492307692307692,0.5520504731861199,35.04,60.04,2.0,0,0
492,12.59,Clear,Low,Evening,Scooter,10,2.0,39,1.0,12.59,125.9,25.18,1.1445454545454545,0.14716703458425312,37.769999999999996,47.769999999999996,3.0,1,0
344,8.96,Snowy,,Morning,Car,6,5.0,51,,,53.760000000000005,44.800000000000004,1.28,0.502008032128514,26.880000000000003,32.88,1.0,0,1
770,16.51,Clear,Medium,Morning,Bike,7,1.0,79,2.0,33.02,115.57000000000001,16.51,2.06375,0.05711022272986864,49.53000000000001,56.53000000000001,1.0,0,0
309,16.01,Clear,Low,Afternoon,Car,12,4.0,72,1.0,16.01,192.12,64.04,1.2315384615384617,0.23515579071134624,48.03000000000001,60.03000000000001,2.0,0,0
662,19.74,Rainy,High,Afternoon,Scooter,11,7.0,81,3.0,59.22,217.14,138.17999999999998,1.6449999999999998,0.3375120540019287,59.21999999999999,70.22,2.0,0,1
131,8.64,Snowy,Low,Evening,Bike,29,4.0,62,1.0,8.64,250.56,34.56,0.28800000000000003,0.41493775933609955,25.92,54.92,3.0,1,1
664,5.13,Clear,Medium,Morning,Car,16,1.0,38,2.0,10.26,82.08,5.13,0.30176470588235293,0.1631321370309951,15.39,31.39,1.0,0,0
872,5.78,Clear,High,Morning,Bike,11,5.0,38,3.0,17.34,63.580000000000005,28.900000000000002,0.4816666666666667,0.7374631268436578,17.340000000000003,28.340000000000003,1.0,0,0
100,2.6,Clear,Low,Afternoon,Bike,16,1.0,29,1.0,2.6,41.6,2.6,0.15294117647058825,0.2777777777777778,7.800000000000001,23.8,2.0,0,0
373,2.34,Foggy,Medium,Morning,Bike,8,2.0,28,2.0,4.68,18.72,4.68,0.26,0.5988023952095809,7.02,15.02,1.0,0,1
88,12.93,Clear,Medium,Morning,Scooter,20,8.0,58,2.0,25.86,258.6,103.44,0.6157142857142857,0.574300071787509,38.79,58.79,1.0,0,0
459,1.6,Clear,Medium,Evening,Bike,14,8.0,24,2.0,3.2,22.400000000000002,12.8,0.10666666666666667,3.0769230769230766,4.8,18.8,3.0,1,0
331,7.44,Rainy,Low,Evening,Bike,27,,53,1.0,7.44,200.88000000000002,,0.26571428571428574,,22.32,49.32,3.0,1,1
215,14.39,Rainy,Medium,Morning,Scooter,6,,50,2.0,28.78,86.34,,2.0557142857142856,,43.17,49.17,1.0,0,1
467,6.07,,Low,Afternoon,Bike,18,4.0,35,1.0,6.07,109.26,24.28,0.31947368421052635,0.5657708628005658,18.21,36.21,2.0,0,0
122,17.97,Windy,Medium,Morning,Scooter,28,7.0,92,2.0,35.94,503.15999999999997,125.78999999999999,0.6196551724137931,0.36900369003690037,53.91,81.91,1.0,0,1
615,17.53,Clear,Low,Afternoon,Bike,14,6.0,79,1.0,17.53,245.42000000000002,105.18,1.1686666666666667,0.32379924446842956,52.59,66.59,2.0,0,0
21,12.43,Rainy,High,Morning,Bike,13,6.0,70,3.0,37.29,161.59,74.58,0.8878571428571428,0.4467609828741623,37.29,50.29,1.0,0,1
701,10.89,Windy,Medium,Evening,Bike,7,0.0,58,2.0,21.78,76.23,0.0,1.36125,0.0,32.67,39.67,3.0,1,1
72,4.37,Clear,Medium,Evening,Scooter,6,7.0,25,2.0,8.74,26.22,30.59,0.6242857142857143,1.303538175046555,13.11,19.11,3.0,1,0
107,8.5,Clear,High,Evening,Car,13,3.0,54,3.0,25.5,110.5,25.5,0.6071428571428571,0.3157894736842105,25.5,38.5,3.0,1,0
271,16.28,Rainy,Low,Morning,Scooter,8,9.0,71,1.0,16.28,130.24,146.52,1.808888888888889,0.5208333333333333,48.84,56.84,1.0,0,1
861,15.62,Snowy,High,Evening,Scooter,26,2.0,81,3.0,46.86,406.12,31.24,0.5785185185185185,0.1203369434416366,46.85999999999999,72.85999999999999,3.0,1,1
436,14.17,Clear,Low,Afternoon,Bike,8,0.0,55,1.0,14.17,113.36,0.0,1.5744444444444445,0.0,42.51,50.51,2.0,0,0
103,6.63,Foggy,Low,Night,Scooter,24,3.0,58,1.0,6.63,159.12,19.89,0.2652,0.3931847968545216,19.89,43.89,4.0,0,1
